#Wed Jan 28 01:49:28 2026
# Copy file into sbs-onl@sbsvtp#:~/cfg/pedestals for online pedestal subtraction
# format = APV        crate       slot       mpd_id       adc_ch followed by 
# APV channel number      pedestal mean      pedestal rms 
APV                2              13               0               0
               0               0               0
               1               0               0
               2               0               0
               3               0               0
               4               0               0
               5               0               0
               6               0               0
               7           29.32           20.58
               8          -11.53           24.24
               9          -38.22           10.83
              10          -9.331              22
              11           42.73           20.87
              12          -31.88           19.09
              13          -32.04           9.609
              14           15.92           18.82
              15           39.03           20.67
              16          -23.84           31.25
              17          -41.62            16.2
              18          -34.67           40.61
              19           10.89           13.73
              20          -12.69           27.12
              21          -41.62            12.9
              22          -13.94           15.52
              23           31.66           15.42
              24          -28.76           22.27
              25          -33.84           10.94
              26           6.017           11.98
              27            50.8           18.27
              28          -22.59           18.31
              29          -12.25            14.8
              30          -6.465            13.3
              31           58.08           20.84
              32          -40.81           30.81
              33          -47.07           15.27
              34          -14.32           17.43
              35           11.42           20.82
              36          -20.82           26.09
              37          -51.29           11.49
              38          -22.62           19.25
              39           34.93           19.51
              40          -25.58           19.77
              41          -27.97           10.04
              42           2.687           20.56
              43           57.63           20.82
              44           -35.6           17.36
              45          -7.882           12.28
              46           10.01           17.88
              47           94.73           22.46
              48          -10.46           31.85
              49          -36.55            15.3
              50          -17.27           29.09
              51           6.996           14.15
              52           -27.4           27.51
              53          -43.62           12.09
              54          -7.938           13.03
              55           36.85           16.83
              56          -23.49           20.84
              57          -32.68           11.27
              58           -2.31           12.84
              59           41.32            19.3
              60          -21.06           16.45
              61          -11.28           18.51
              62            16.7           13.94
              63           97.19           24.02
              64          -34.56           35.66
              65          -42.46           17.34
              66          -22.37           25.63
              67            28.3           25.06
              68          -149.5           98.02
              69          -18.43           13.88
              70           1.439           21.72
              71           41.53           20.67
              72           -40.5           36.53
              73           -35.3            12.6
              74           28.41           19.28
              75           35.01           19.91
              76          -23.83           21.34
              77           -21.7            10.9
              78           13.65           17.73
              79           90.91           21.07
              80          -51.16           33.64
              81          -39.45           16.87
              82          -27.65           23.28
              83           26.64           12.34
              84          -10.17           30.75
              85           -41.4           13.15
              86          -4.532            11.4
              87           42.81           15.54
              88          -9.804           22.22
              89          -40.34           13.44
              90           15.33           10.59
              91           78.94           18.84
              92           -38.1           18.33
              93          -28.71           22.78
              94           22.44              12
              95           94.81           21.22
              96          -56.88           30.85
              97          -26.08           14.71
              98          -25.32           21.96
              99           21.55           21.16
             100          -24.93           25.95
             101           -35.6           11.35
             102          -15.14           18.35
             103           40.89           19.47
             104          -29.02            20.2
             105          -30.82           12.38
             106           26.96           18.41
             107           67.71           20.96
             108           -15.9           17.55
             109          -7.852            10.8
             110           24.45           21.08
             111           101.9           22.44
             112          -27.89           33.07
             113          -38.45           14.98
             114          -27.44           18.85
             115           24.91           14.03
             116          -27.47           26.42
             117          -41.09           12.14
             118           4.694           10.97
             119           47.53           16.88
             120          -9.534           20.06
             121          -19.78           13.01
             122           28.31           11.68
             123           48.56           19.65
             124          -15.87           16.39
             125          -26.99           29.38
             126           20.73            13.5
             127           91.08           25.25
APV                2              13               0               2
               0               0               0
               1               0               0
               2               0               0
               3               0               0
               4               0               0
               5               0               0
               6               0               0
               7           20.02            18.6
               8          -35.41           17.24
               9          -40.33           9.214
              10           6.132           17.03
              11           50.63           20.05
              12          -36.88           14.31
              13          -3.997           9.139
              14             7.2           15.87
              15           52.84           20.07
              16           23.43           22.33
              17          -39.78           12.23
              18          -14.24           30.66
              19          -8.014           10.97
              20             -44            19.1
              21          -37.34           11.37
              22           14.35           13.01
              23           41.25           13.44
              24          -38.05           16.02
              25          -25.38           10.47
              26           17.86           9.913
              27           25.39           16.69
              28           -43.5           13.41
              29          -13.94           13.05
              30           22.59           10.39
              31           57.85           18.77
              32            31.6           22.28
              33          -32.49           12.77
              34           2.666            12.9
              35           6.146           18.85
              36          -45.59           18.15
              37          -27.66           11.19
              38          -17.27           14.32
              39           17.52            18.3
              40          -30.51           15.42
              41          -24.36           8.948
              42           25.17           16.94
              43           41.61           20.36
              44          -41.13           14.69
              45           5.153           9.188
              46           14.11           15.17
              47           72.41           20.34
              48           4.428           21.49
              49          -46.78           11.34
              50           4.949           21.67
              51           9.806           11.96
              52          -44.24           17.96
              53          -23.38           10.45
              54           6.832           11.06
              55           19.55           14.31
              56          -30.04           14.55
              57           -35.9           10.82
              58           3.882           10.12
              59           15.17           17.41
              60           -23.2              12
              61           11.33           15.17
              62           7.035           10.94
              63           71.28           18.53
              64           8.517           22.71
              65          -22.73              14
              66          -7.084            18.7
              67           14.37           18.15
              68          -35.32           19.98
              69          -27.76           11.75
              70          -23.35           15.13
              71           23.98           17.41
              72          -41.77           17.25
              73          -4.935           9.798
              74           18.59           14.75
              75           20.59           18.36
              76          -34.13           15.99
              77          -22.77           8.926
              78           5.147           14.76
              79             103           20.06
              80           16.73           23.75
              81          -32.38            13.3
              82           13.04           18.02
              83          -1.625           10.55
              84          -29.99           20.45
              85          -16.14           11.86
              86           13.39           10.39
              87           39.66           13.72
              88          -39.29           16.43
              89          -17.79           12.55
              90           3.128           9.207
              91           82.47           16.71
              92          -50.09           13.92
              93          -35.12           18.36
              94           17.17           9.851
              95           91.41           18.83
              96           15.74            22.1
              97          -38.88            12.7
              98          -2.527           16.43
              99           10.92           18.45
             100          -29.12              19
             101           -28.2           11.35
             102           2.019           14.02
             103            29.3            18.1
             104          -24.43           16.37
             105          -11.88           9.154
             106           5.963           14.87
             107           47.87           19.18
             108          -26.75           14.25
             109          -29.39           8.774
             110           26.77            17.8
             111             103           20.66
             112          -4.154           22.08
             113          -22.31           11.89
             114          -15.65           15.13
             115           18.42           11.45
             116          -30.74           18.75
             117          -35.81           11.03
             118           5.243           9.649
             119           16.68           14.64
             120          -44.81           14.72
             121          -13.77           12.12
             122          -10.51           9.472
             123           48.61           17.38
             124          -25.49           12.69
             125          -10.23            22.9
             126           9.582           10.74
             127           128.4           19.68
APV                2              13               0               4
               0               0               0
               1               0               0
               2               0               0
               3               0               0
               4               0               0
               5               0               0
               6               0               0
               7           32.74           9.908
               8          -40.26           11.86
               9          -6.794           7.459
              10           7.966           10.54
              11           47.35            10.5
              12          -54.93           9.982
              13          -2.133           7.108
              14           41.65            9.65
              15           41.25           11.02
              16          -69.64           14.48
              17          -42.99            8.34
              18            6.47           25.68
              19           19.41           9.415
              20          -39.65           12.95
              21           -27.9           7.505
              22           6.807           11.58
              23           32.06           9.151
              24          -60.36           11.12
              25          -23.26           7.419
              26           28.91           8.957
              27           41.47            10.1
              28          -42.27             8.9
              29          -6.787           10.35
              30           28.02           8.582
              31           56.07           11.41
              32          -52.35              15
              33          -32.77           8.219
              34           27.63           9.473
              35           41.84           10.15
              36          -59.39           12.55
              37          -18.94           7.411
              38           15.33           10.22
              39           45.04           10.09
              40          -54.31           10.31
              41          -12.91           6.879
              42           24.15           10.06
              43           41.08           10.59
              44          -46.68           8.934
              45           11.73           7.499
              46           33.32           8.967
              47           45.77           11.69
              48          -59.72           16.51
              49          -29.49            8.13
              50           10.37           18.52
              51           24.64           9.031
              52          -51.69           12.64
              53          -17.15           7.237
              54            32.8           10.16
              55           36.46           9.659
              56          -62.32           10.31
              57          -15.65            8.05
              58           33.63           8.927
              59           32.63            10.6
              60           -34.3           8.203
              61           0.403           12.65
              62           35.17           8.837
              63            58.1           12.71
              64           -50.2           13.31
              65          -42.44             8.3
              66           25.11           14.99
              67           39.94           10.56
              68          -46.75           12.54
              69          -13.59           7.342
              70           16.09           11.12
              71           43.66           9.662
              72          -48.19              11
              73          -13.34           6.891
              74            55.6           9.597
              75           40.16           10.09
              76           -42.1           8.876
              77           9.063           7.031
              78           20.78           8.671
              79           41.08           11.34
              80          -46.11           15.79
              81          -33.39           8.396
              82           18.78           14.89
              83           28.86           8.126
              84          -58.06           12.91
              85          -9.133           7.551
              86           23.21           8.989
              87           44.49           8.946
              88          -66.46           10.42
              89          -11.14           9.002
              90           31.89           8.111
              91           36.48           10.06
              92          -42.73            8.61
              93           2.945           14.66
              94           16.12           8.191
              95           69.59           11.58
              96          -50.79           13.76
              97           -35.7           7.812
              98           9.549           12.14
              99            5.52           10.39
             100          -63.65           12.14
             101          0.8032           7.442
             102           31.48           9.714
             103           46.84           9.709
             104          -33.32           10.01
             105          -18.24           7.902
             106           22.73           9.103
             107            46.9           10.53
             108          -40.06           8.246
             109          -15.04           7.155
             110           32.41           10.05
             111           57.77            11.8
             112          -48.54           15.45
             113          -41.41           7.844
             114           5.983           12.83
             115           26.02           8.559
             116          -62.03           11.99
             117          -12.36           7.314
             118           28.01           8.709
             119           28.48           9.403
             120           -41.6           9.583
             121          -3.838           9.049
             122           34.43           8.127
             123           33.85           10.52
             124          -43.41           7.962
             125          -14.26           18.97
             126           35.97           8.502
             127           62.03           12.59
APV                2              13               0               6
               0               0               0
               1               0               0
               2               0               0
               3               0               0
               4               0               0
               5               0               0
               6               0               0
               7           25.31           9.628
               8          -48.57           11.27
               9          -40.31           7.585
              10           3.566           7.401
              11           46.11           10.48
              12           -47.9           10.51
              13          -20.76           6.839
              14           29.63           7.543
              15           57.83           12.04
              16           -21.6           11.79
              17          -30.66           8.589
              18          -35.27            10.8
              19           17.22           8.428
              20          -56.99           11.05
              21          -49.78           7.708
              22          -30.39           7.232
              23           32.85           9.201
              24          -34.56           10.82
              25          -35.37           7.207
              26           10.31           7.378
              27              55           10.73
              28          -55.25           8.997
              29          -20.56           10.95
              30           -5.42           7.632
              31            77.7           12.51
              32          -22.36           12.25
              33          -44.32            8.89
              34           9.531           7.249
              35           50.23           8.381
              36          -60.72           11.31
              37          -32.22           7.649
              38          -6.268           7.309
              39           35.63           9.778
              40          -63.19           10.64
              41          -14.83           7.225
              42           19.52           7.872
              43           59.96            11.4
              44          -26.93           9.196
              45           12.07           7.509
              46           36.73           7.754
              47           74.88           13.45
              48           -51.6           11.78
              49          -25.06           8.261
              50          0.6613           8.953
              51           12.33           8.654
              52           -46.4           11.02
              53          -28.92           7.506
              54          -6.703           7.292
              55           67.69           10.06
              56          -29.99           9.723
              57          -10.49            7.03
              58          -2.437           7.646
              59           56.25           11.43
              60          -46.32           8.199
              61          -30.45            7.56
              62           27.21           8.132
              63           91.34           14.11
              64          -44.26           10.85
              65          -34.43           9.093
              66          -16.23           8.741
              67           31.55           7.932
              68          -47.61           11.75
              69          -22.17           8.055
              70          -7.848           7.563
              71           33.77             9.3
              72          -52.16           11.11
              73          -14.99           7.502
              74            15.1           7.179
              75           71.38           10.91
              76          -35.41           9.509
              77          -15.22           6.975
              78           32.41           7.327
              79           73.59           12.68
              80          -44.52           11.65
              81          0.7021           8.845
              82         -0.4512           7.913
              83           53.34           8.259
              84          -46.79           11.48
              85          -13.38           7.913
              86           -13.3           6.719
              87           51.93           9.343
              88          -58.39           10.23
              89          -19.54           7.341
              90            19.9           7.238
              91           69.17           11.03
              92          -43.94           8.766
              93          -5.454           7.792
              94           45.89           7.559
              95           103.5           12.98
              96          -53.44           11.37
              97          -33.62           8.575
              98          -6.062           8.075
              99           44.18           9.128
             100          -58.07           11.62
             101          -20.39           7.734
             102           21.05           7.342
             103           50.33           10.01
             104          -58.84           10.71
             105          -12.79           7.596
             106           31.11           7.467
             107           67.08           11.61
             108          -41.36           8.817
             109          -8.393           7.259
             110           41.25           7.865
             111           87.72            13.6
             112          -43.85           11.64
             113          -24.68           8.357
             114           8.749           7.597
             115           31.71           8.669
             116          -65.28           10.84
             117           -26.5           7.362
             118          -10.52           6.811
             119           49.12              10
             120          -35.93           9.652
             121             -31           6.962
             122           26.02           7.469
             123           84.52           11.68
             124          -40.76           8.222
             125          -8.144           8.781
             126           33.29           8.102
             127           110.4           14.19
APV                2              13               0               8
               0               0               0
               1               0               0
               2               0               0
               3               0               0
               4               0               0
               5               0               0
               6               0               0
               7           24.28           7.238
               8          -44.75            7.83
               9          -2.004           6.595
              10           6.051           7.208
              11            25.6           7.192
              12          -45.38           7.395
              13          -18.91           5.888
              14           34.99           6.587
              15           53.58           8.182
              16          -30.71           8.754
              17          -24.07           6.662
              18          -6.199           11.63
              19           22.95            7.14
              20          -46.67           7.814
              21          -15.91           6.135
              22           21.65           7.061
              23           28.49           7.101
              24          -52.01           7.309
              25          -28.58            6.05
              26           15.53            6.03
              27           47.98           7.684
              28          -52.26           6.372
              29          -13.14           6.268
              30           12.25            6.36
              31           71.56           8.835
              32          -35.38           8.863
              33          -26.33           6.825
              34           3.585           6.931
              35            14.1           6.609
              36          -53.44           8.157
              37          -28.01           6.205
              38           15.48           7.058
              39           56.06           7.151
              40          -55.01           7.299
              41          -25.93           6.049
              42          -2.455           6.987
              43           45.72           7.886
              44          -38.58           7.092
              45           1.774           6.721
              46           10.14           6.238
              47           58.12           9.213
              48          -41.43           8.943
              49          -31.93           6.389
              50           10.38           8.721
              51           36.21           6.931
              52          -48.03           7.569
              53          -33.84           5.873
              54          -7.343           6.199
              55           29.41           7.316
              56          -51.88           6.938
              57          -14.81           5.807
              58           4.582           6.156
              59           75.24           8.274
              60          -24.08           5.989
              61          -35.97           6.737
              62            35.1           6.556
              63           61.83           9.388
              64          -42.02           8.468
              65           -15.7           6.853
              66          -10.34           8.662
              67           2.278           6.779
              68          -49.82           8.363
              69          -29.73           6.261
              70           2.539           7.418
              71           32.95           6.993
              72           -32.7           7.824
              73          -14.49           6.112
              74         -0.7023           6.684
              75           33.98           7.488
              76          -30.99           6.914
              77           10.04           6.241
              78           17.62           6.265
              79           76.48           8.841
              80          -53.74           8.789
              81          -15.49           6.687
              82           2.649           7.388
              83           29.65           6.402
              84          -57.51           7.999
              85           -28.9            6.11
              86           15.58           5.988
              87           32.25           7.016
              88          -24.57           7.303
              89          -19.57           6.182
              90            13.7           5.933
              91           72.61           7.936
              92          -36.75           6.337
              93          -31.83            7.37
              94           17.47           6.279
              95           100.8            9.39
              96          -52.28           8.453
              97          -13.57           6.702
              98          -5.505           7.974
              99           26.77            7.31
             100          -51.34           8.118
             101          -20.66           6.208
             102           21.22           7.094
             103           31.99           7.185
             104           -40.1           7.529
             105          -27.58            7.06
             106           21.35           6.702
             107           55.88           8.034
             108          -28.69           6.631
             109           -14.5           6.515
             110           26.57           6.722
             111           100.4           9.725
             112          -44.44            8.61
             113          -8.737           6.491
             114           13.18            6.87
             115           26.54           6.618
             116          -45.12           7.607
             117          -11.93           5.869
             118           12.23           5.766
             119           37.72           7.326
             120          -46.37           6.812
             121          -22.03               6
             122           4.844            5.86
             123           53.97           8.342
             124          -16.47           6.056
             125           -10.1           8.596
             126           46.17           6.443
             127           127.6           10.38
APV                2              13               0               1
               0               0               0
               1               0               0
               2               0               0
               3               0               0
               4               0               0
               5               0               0
               6               0               0
               7           51.05           12.13
               8          -35.83           11.22
               9          -36.11           7.901
              10          -2.433           10.19
              11           53.71           13.59
              12          -32.49           10.27
              13          -14.13           6.775
              14           6.436           9.322
              15           68.06            15.7
              16          -38.14           11.87
              17           -39.2           9.224
              18          -8.856              13
              19           4.097           8.844
              20          -42.51           11.72
              21          -26.27           8.701
              22          0.9927           7.001
              23           37.13           10.63
              24          -35.98           11.16
              25          -33.13           7.997
              26           -6.98           6.865
              27           58.71           13.21
              28          -18.11           10.18
              29           -38.3           7.133
              30           24.26           7.817
              31           92.12           16.17
              32          -32.06           12.49
              33           -35.6           8.864
              34           2.457            9.73
              35            17.8           11.23
              36          -45.07           11.52
              37          -12.02           7.862
              38           1.956           9.656
              39           37.27           12.46
              40          -41.58           10.29
              41          -22.18           7.804
              42           14.84           10.23
              43           49.14           14.79
              44          -36.15           9.035
              45           -32.6           7.743
              46           42.48           9.379
              47           89.09           17.52
              48          -35.58           12.64
              49          -43.52           8.994
              50          -6.926           9.589
              51          -3.131           9.532
              52          -41.87              12
              53          -38.62            8.43
              54            1.44           6.711
              55           54.76           12.06
              56          -40.25           10.53
              57          -27.95           7.102
              58           -4.68           7.395
              59           54.28           14.35
              60          -43.83           9.195
              61          -17.22           7.443
              62           14.49           8.545
              63           80.72           17.41
              64          -55.34           11.84
              65          -38.77           9.689
              66          -8.211            12.6
              67           17.33           10.45
              68          -14.77           12.36
              69          -24.84           8.439
              70           2.807           10.39
              71           36.27           11.47
              72          -37.27            11.1
              73          -10.82           8.122
              74           5.998           9.376
              75           56.76           13.72
              76          -20.71            10.2
              77          -18.46           6.937
              78           28.27           9.043
              79           110.4           16.33
              80          -46.61           13.01
              81          -30.29           10.06
              82          -12.63           8.072
              83           29.91           8.306
              84          -27.93           12.99
              85          -12.67           9.084
              86          -13.22           6.422
              87           45.96           10.63
              88          -27.12           11.22
              89          -21.26           7.628
              90           11.26           6.608
              91           67.65           13.49
              92           -39.9           9.993
              93          -23.45           8.174
              94           24.97           7.342
              95           108.8           16.64
              96          -33.25           12.37
              97          -45.02           8.619
              98         -0.4319           11.17
              99           7.233           11.12
             100          -45.31           11.85
             101          -29.66           7.836
             102          -7.473           9.214
             103           50.22           12.36
             104          -37.75           10.42
             105          -31.14           8.369
             106          -7.974           9.323
             107           75.94           15.01
             108          -19.65           9.489
             109          -23.61           7.367
             110           9.443           10.22
             111             128           17.84
             112          -37.28           12.77
             113          -36.36            9.17
             114          -11.38           7.329
             115           9.743           9.435
             116          -48.58           12.11
             117          -14.09           8.497
             118            -5.2           6.297
             119            35.4            11.8
             120          -26.75           10.39
             121          -29.43           7.165
             122            18.2           7.015
             123           67.79           14.61
             124          -18.17           9.444
             125          -17.19           9.441
             126           12.35           8.287
             127           161.3           18.86
APV                2              13               0               3
               0               0               0
               1               0               0
               2               0               0
               3               0               0
               4               0               0
               5               0               0
               6               0               0
               7           18.52            16.9
               8          -40.94           15.24
               9          -45.68            8.02
              10           -4.37           14.66
              11           33.21           18.12
              12          -38.29           12.86
              13          -19.51           7.333
              14           35.95            14.7
              15            65.8           17.88
              16          -37.28           17.99
              17          -43.37           12.54
              18          -29.92           25.72
              19           42.26           10.93
              20          -62.19           17.01
              21          -31.26           10.88
              22          -6.938              11
              23           41.18           13.15
              24          -31.38           15.09
              25          -38.49           9.059
              26           9.267           8.882
              27           81.43            15.5
              28           -49.6           12.87
              29          -22.93           10.92
              30          -2.435           9.944
              31           77.29           16.36
              32          -30.27           18.27
              33          -29.63           11.96
              34          -8.021           11.54
              35           15.88           16.63
              36          -57.45           15.71
              37          -31.99           9.726
              38          -4.155           13.84
              39           50.55           16.95
              40          -19.32           13.91
              41            7.72           7.879
              42           10.11           14.89
              43           78.86           17.86
              44          -54.55           12.95
              45          -1.077           7.974
              46           40.18           14.49
              47           81.77           17.16
              48          -54.32            18.3
              49          -48.54           11.61
              50           3.428           18.71
              51           37.37           11.62
              52          -20.31           16.73
              53          -43.16           9.637
              54          -14.37           9.481
              55           51.72           13.68
              56          -65.96           13.95
              57          -17.99           8.939
              58           12.86           9.322
              59           59.81            15.6
              60          -53.96           11.73
              61          -33.03            13.1
              62           8.062           10.78
              63           115.5           16.55
              64          -33.14           17.28
              65          -20.21           12.96
              66          -6.132            17.5
              67           26.18           16.56
              68          -43.89           16.85
              69          -9.154           10.86
              70          -2.209           14.18
              71           33.83           16.09
              72          -44.45           15.35
              73          -12.81           8.655
              74           9.918           13.03
              75           70.62           16.75
              76          -22.82           14.15
              77          -29.77           7.162
              78           24.49           13.83
              79           99.89           17.32
              80          -60.14           18.28
              81          -28.36           13.46
              82          -16.22           14.77
              83           36.41           10.45
              84          -32.21           18.06
              85          -34.89            11.7
              86          -3.978           8.752
              87           42.05           13.08
              88          -31.19           15.41
              89          -27.33           10.85
              90           4.057           8.147
              91           83.99           14.99
              92          -49.03           13.36
              93          -28.19           16.27
              94            38.1           9.745
              95           96.27           16.23
              96          -37.79           17.73
              97          -22.73           11.89
              98          -6.297           14.25
              99           53.74           16.75
             100          -67.09           16.12
             101          -47.17           10.11
             102          -20.87           12.36
             103           54.62           16.37
             104          -49.36           14.76
             105          -26.42           7.921
             106           21.58           13.09
             107            69.8           16.78
             108           -39.5           12.58
             109          -25.39           7.382
             110           30.54           16.19
             111           98.18           16.95
             112          -50.19           18.21
             113          -17.42           12.23
             114           -2.67           12.06
             115           45.14           11.39
             116          -57.28           16.68
             117          -25.96            10.4
             118          -9.883           8.198
             119           43.96           13.69
             120          -35.22           14.49
             121          -14.51           10.34
             122           25.74           8.718
             123           62.81           15.35
             124          -41.35           12.19
             125           2.883           20.92
             126            40.9           10.56
             127           131.3           16.24
APV                2              13               0               5
               0               0               0
               1               0               0
               2               0               0
               3               0               0
               4               0               0
               5               0               0
               6               0               0
               7           32.54           12.29
               8          -69.53           13.07
               9          -30.77           7.809
              10          0.1994           10.65
              11           51.18           13.07
              12          -32.55            11.3
              13          -21.01           7.221
              14           7.365           10.29
              15           85.66           14.22
              16          -32.18           16.04
              17          -46.46           9.737
              18           1.288           19.58
              19           17.25           9.621
              20           -41.3           14.47
              21          -35.99           8.448
              22          -6.335           9.308
              23            40.2           10.75
              24          -41.24            12.6
              25          -20.59            7.73
              26           17.29           8.355
              27            64.3           12.48
              28          -42.92            10.5
              29          -4.306           8.738
              30            21.2           8.999
              31           79.74           13.93
              32          -36.75           15.92
              33          -49.15           9.333
              34           2.668           9.909
              35           21.82           11.36
              36          -60.04           13.91
              37          -15.79           8.003
              38           4.363           10.41
              39           50.25           12.46
              40          -29.33           11.76
              41          -42.23           7.264
              42           8.108           10.77
              43           64.43           13.72
              44          -22.28           10.11
              45          -22.89           7.596
              46           14.95           10.07
              47           70.38           14.71
              48          -34.76           16.32
              49          -35.02           9.111
              50           12.79           14.31
              51           33.49           10.04
              52          -54.23           14.02
              53          -29.95           8.021
              54          -1.341           8.729
              55           28.81           11.41
              56          -48.24           11.57
              57          -24.39           7.764
              58          -22.42           8.712
              59           74.99            13.2
              60           -24.3           9.504
              61          -22.09           10.24
              62            26.9           9.501
              63           81.93           14.68
              64          -43.79           14.98
              65          -28.79           10.06
              66           4.886           13.97
              67           38.98           11.37
              68          -44.78           14.55
              69          -28.49           8.418
              70           8.541           11.02
              71           46.76            11.6
              72          -43.79           12.78
              73          -23.74           7.647
              74           7.956           9.867
              75           46.81           12.77
              76          -47.18           10.68
              77          -25.36           7.102
              78            21.8           9.861
              79           100.8           14.48
              80          -36.38           16.35
              81          -30.59           10.13
              82           19.86           11.51
              83           28.58            9.05
              84          -36.64           14.94
              85          -32.53           8.601
              86           10.07           7.792
              87           39.65           10.58
              88          -50.81           12.41
              89          -32.87           8.476
              90            18.9           7.783
              91           68.63           12.41
              92          -30.56           10.34
              93          -8.428           11.73
              94           52.03            8.65
              95           78.95           14.43
              96           -40.3            15.5
              97          -26.07           9.155
              98         -0.6819           11.78
              99           30.48           11.71
             100          -51.84           13.73
             101          -37.43           7.976
             102          -11.29           9.685
             103           42.61           12.14
             104             -41           11.81
             105          -10.04           7.678
             106           19.37           9.752
             107           56.08           13.43
             108          -32.19           9.733
             109          -11.06            7.28
             110           45.19           11.26
             111            82.4              15
             112          -33.57           16.18
             113          -45.96           9.276
             114          -7.441           10.19
             115           25.51           9.665
             116          -46.63           13.85
             117          -37.64           8.047
             118           11.21           7.732
             119           44.48           11.25
             120           -61.1           11.18
             121          -20.55           8.194
             122           12.44           8.234
             123           72.63           13.09
             124          -22.78           9.435
             125          -19.11           14.39
             126           34.42           9.199
             127           117.2           15.39
APV                2              13               0               7
               0               0               0
               1               0               0
               2               0               0
               3               0               0
               4               0               0
               5               0               0
               6               0               0
               7          -1.721           9.582
               8          -34.71           8.746
               9          -12.91             8.1
              10            5.71           12.14
              11           24.78           11.34
              12          -29.24           8.694
              13           4.186           7.874
              14           29.65           10.59
              15           42.58           10.46
              16          -39.05           10.02
              17          -50.13           7.582
              18           -23.4           28.34
              19           39.86           8.488
              20          -58.98           8.632
              21           -46.6           7.936
              22           4.658           12.05
              23           37.77           7.847
              24          -36.96           8.225
              25          -15.18           8.355
              26           16.34           8.257
              27            60.3           9.047
              28          -24.22           7.268
              29          -1.678           11.61
              30           12.25           7.608
              31           50.97           10.31
              32           -48.3           9.771
              33          -35.93           8.803
              34          -15.03           10.37
              35          -10.09           11.22
              36          -75.44           8.795
              37          -28.34           8.872
              38           20.93           12.17
              39           37.22           10.68
              40          -24.61           8.349
              41           1.214           7.348
              42           20.25            12.2
              43           45.94           11.05
              44          -34.05           10.26
              45           6.517           7.779
              46            15.7           9.429
              47           46.88           11.33
              48          -48.66           11.32
              49          -25.98           7.522
              50         -0.2106            20.5
              51           9.459           7.707
              52          -60.93           8.723
              53          -23.99           7.601
              54           5.341           10.01
              55           25.67           8.162
              56          -53.53           7.873
              57           2.951           8.857
              58           19.44           7.966
              59           20.63           9.151
              60          -18.83           7.019
              61           -16.7           13.94
              62            17.9           7.642
              63           73.99           11.56
              64          -40.25           8.924
              65          -12.05           8.486
              66           17.22           16.62
              67           39.66           12.86
              68          -31.18           8.971
              69           -15.5           8.351
              70           9.092           13.16
              71           25.98           10.65
              72          -30.55           8.617
              73           -3.12           7.524
              74           18.19           10.93
              75           51.33            10.8
              76          -23.27           9.116
              77          -15.49           7.774
              78           8.885           9.743
              79           77.06           11.67
              80          -43.14           10.17
              81          -29.18           7.452
              82          -6.134           16.26
              83           31.09           7.229
              84          -34.28           8.941
              85          -24.73           7.939
              86           26.36           9.577
              87           26.69           7.952
              88          -20.44           7.853
              89          -17.41           10.33
              90           15.68           7.761
              91           41.81           9.244
              92           -29.3           7.182
              93           -9.74           16.96
              94           13.18           7.372
              95           62.23           11.19
              96          -58.08            8.82
              97          -33.75           8.557
              98          0.2992           14.05
              99           16.47           12.67
             100          -48.14           8.689
             101          -38.49           8.476
             102           4.108              11
             103           29.42           10.39
             104          -29.19           8.797
             105          -17.33           8.137
             106           21.87           10.61
             107           62.97           11.12
             108          -9.281           8.629
             109           15.93           7.542
             110           26.02           11.81
             111           72.58           12.36
             112          -62.83            9.76
             113          -17.57           7.364
             114           5.677           13.75
             115            30.9           7.419
             116          -31.51           8.423
             117           -19.1           8.107
             118          -4.407           8.702
             119            48.8           8.464
             120          -27.38           7.497
             121          -6.497           10.37
             122           26.49           7.423
             123            49.4            9.84
             124          -32.73           6.973
             125           6.508           21.91
             126              20           7.373
             127           116.6           12.58
APV                2              13               0               9
               0               0               0
               1               0               0
               2               0               0
               3               0               0
               4               0               0
               5               0               0
               6               0               0
               7           32.71              12
               8          -68.04           13.71
               9          -41.09           10.68
              10           -1.52            12.7
              11           68.81           13.53
              12          -49.73           12.19
              13          -31.16           8.672
              14           12.26           9.819
              15           94.06           21.34
              16          -25.18           15.28
              17          -35.14           10.89
              18          -21.56           27.72
              19          -9.448           12.63
              20           -64.6           14.36
              21          -44.07           9.358
              22          -14.66            12.4
              23           38.16              13
              24          -38.69           13.84
              25          -36.07           8.313
              26          -11.31           9.659
              27           75.07           17.07
              28          -38.71           10.59
              29          -37.18           10.54
              30           10.34           10.52
              31           83.43           26.05
              32             -46           14.86
              33          -33.32           10.42
              34          -14.76           12.86
              35            37.2           10.53
              36          -76.08           15.03
              37          -25.27           9.752
              38          -13.67           12.52
              39           56.93           12.26
              40          -24.69           12.73
              41          -17.59           8.672
              42          -7.991           11.54
              43           83.13           16.86
              44          -17.32           10.58
              45          -4.583           9.409
              46           26.04           8.942
              47           107.2           28.24
              48          -41.49           16.27
              49          -18.77           10.55
              50          -13.99           20.03
              51           28.61           12.62
              52          -57.86           14.81
              53          -43.43           8.884
              54          -4.927           11.11
              55           70.46           15.28
              56          -36.29           12.23
              57          -24.29            8.29
              58           8.666           10.11
              59           61.97            20.7
              60          -16.03           9.616
              61           -39.8           13.02
              62           12.13           11.64
              63             112           33.22
              64          -57.75            12.1
              65          -24.61           10.29
              66           6.043           18.99
              67           33.87           11.86
              68          -65.32           15.08
              69          -39.91           10.24
              70          -13.39           14.68
              71           57.17           10.98
              72          -36.34           12.97
              73          -27.56           9.268
              74           7.665           11.63
              75           79.39           14.19
              76          -43.28           10.08
              77           -24.8            9.37
              78           51.55           9.664
              79           117.1           21.36
              80          -46.57           14.97
              81          -48.09           10.73
              82          -28.35           15.44
              83           30.49            10.2
              84           -72.6           14.08
              85          -28.24           9.344
              86          -17.55           9.406
              87           56.68           12.68
              88          -39.52           12.45
              89          -37.99           9.256
              90          -2.846            8.84
              91           74.02           16.85
              92          -13.72           9.969
              93          -19.59           15.14
              94           30.18           9.873
              95           142.6           25.14
              96          -48.97           13.15
              97          -28.21           10.19
              98          -7.311           15.82
              99           28.16           11.69
             100          -68.87           14.41
             101          -32.38           9.655
             102          -22.92           11.97
             103           47.65           11.97
             104          -45.66           14.43
             105          -37.53           11.51
             106           4.763           10.65
             107           90.13           16.86
             108          -11.57           9.517
             109          -10.92           8.957
             110           20.25           10.56
             111           130.9           27.01
             112          -24.61           15.25
             113           -24.6           10.07
             114         -0.2833           13.38
             115           35.61           11.24
             116          -37.13           13.92
             117          -42.89           8.552
             118           -18.7           9.218
             119           67.21           14.48
             120           -33.5           11.44
             121          -22.22           9.152
             122           3.513            9.25
             123           90.06           19.95
             124          -25.62           9.136
             125          -19.56           20.44
             126           19.37           10.97
             127           151.8           31.31
APV                2              13               1               0
               0               0               0
               1               0               0
               2               0               0
               3               0               0
               4               0               0
               5               0               0
               6               0               0
               7            40.1           21.98
               8          -70.52           23.28
               9          -35.16           10.39
              10           30.33           25.99
              11            53.5           22.24
              12          -76.01           19.26
              13          -15.54           8.541
              14           54.09           23.41
              15           32.19           19.95
              16          -66.06           31.18
              17          -53.31            18.7
              18           -8.16            38.2
              19           29.78           8.553
              20          -64.53           27.01
              21          -43.15           14.77
              22         -0.4394           12.03
              23           37.54           13.55
              24           -61.9           21.77
              25          -13.38           12.21
              26           18.08           9.909
              27           38.44           16.95
              28          -62.92           18.24
              29           1.158           13.76
              30           32.21           12.48
              31           43.85            17.7
              32          -83.47            31.7
              33          -40.56           15.52
              34           19.24            19.2
              35           18.03           20.88
              36          -77.96           25.29
              37           -38.1           11.47
              38           35.09           22.43
              39           59.42           21.07
              40          -56.82           19.19
              41           -11.3           10.35
              42           35.75           24.97
              43           53.98           21.67
              44          -60.92           18.66
              45          -13.07           10.98
              46           46.65           22.13
              47           47.67           20.92
              48          -48.57            29.1
              49          -24.59           16.44
              50           5.084            25.2
              51           10.03           10.12
              52          -62.34           25.91
              53          -36.01           13.32
              54           7.493           9.754
              55           35.12           14.57
              56          -62.59           20.09
              57          -14.79            11.9
              58           14.98           11.06
              59           47.89           17.56
              60          -46.65           16.66
              61          -19.61            16.2
              62           41.87           13.42
              63           73.12           20.22
              64           -67.5           38.53
              65          -34.73           17.86
              66           30.26           24.82
              67            45.1           50.78
              68          -214.7           101.8
              69           -3.45            15.6
              70           26.04            23.4
              71           49.88           19.59
              72          -55.47           36.74
              73            -9.5           12.95
              74           52.71           22.38
              75           63.59           20.39
              76          -43.32           24.08
              77             -13           8.716
              78           51.39           22.05
              79           63.51           20.76
              80          -79.16           37.32
              81          -37.36           18.55
              82           3.674           21.42
              83           43.66           9.592
              84          -49.06           31.98
              85          -13.41           14.91
              86           21.95           9.234
              87           52.41           13.86
              88          -46.38           22.84
              89          -18.24           14.72
              90           33.72           9.703
              91           55.59            17.3
              92          -46.44            19.6
              93          -23.54           20.89
              94           58.28           12.16
              95           64.78           18.82
              96          -85.84            37.2
              97           -20.6           14.72
              98          -5.754           22.27
              99           29.74           21.45
             100          -87.02           26.73
             101          -16.88           11.49
             102           25.31           21.02
             103           64.25           19.92
             104          -69.43           21.61
             105          -16.18           11.65
             106           38.34           22.77
             107           88.17           21.25
             108          -37.76           19.83
             109          -9.034            10.1
             110           68.29           25.88
             111           76.12           20.94
             112          -57.61           31.67
             113          -27.71           16.68
             114          -2.309           16.23
             115           47.25           10.92
             116          -61.14           27.01
             117          -15.95           13.83
             118           17.63           8.892
             119           47.38           15.21
             120          -43.19           20.43
             121          -9.026           13.15
             122           53.02           11.24
             123           38.88           18.26
             124          -36.44            17.9
             125          -14.19              26
             126           45.26           14.03
             127           44.17           25.15
APV                2              13               1               2
               0               0               0
               1               0               0
               2               0               0
               3               0               0
               4               0               0
               5               0               0
               6               0               0
               7           21.69           14.46
               8          -22.67           18.46
               9          -15.46           7.983
              10           10.21            15.2
              11           18.48           15.58
              12          -39.29           13.75
              13          -1.269           8.683
              14         -0.5162           13.53
              15           31.51           16.32
              16         -0.6398           24.97
              17          -13.92            12.7
              18          -14.35           34.58
              19           17.79           13.02
              20          0.2569           22.01
              21          -12.97           9.993
              22           10.32           15.64
              23           10.49           12.71
              24          -26.57           19.08
              25          -19.18           9.026
              26           18.19           12.66
              27           42.09           14.73
              28          -45.57           15.01
              29          -4.448           14.17
              30           20.86           12.73
              31           24.22           16.61
              32          -7.018           24.14
              33          -36.44           9.839
              34           23.31           13.66
              35           21.72           15.54
              36          -20.93            19.6
              37          -21.95           8.385
              38           4.366           14.29
              39           20.78           14.15
              40          -38.36           14.61
              41          -8.079           7.845
              42           16.94           14.36
              43           4.565           16.18
              44          -31.67           10.07
              45          -18.16           8.498
              46           10.54           12.84
              47              31           17.38
              48          -11.81           27.83
              49          -27.84           11.78
              50           17.52           26.23
              51           11.31           12.79
              52          -27.35           21.57
              53          -12.68           9.535
              54           1.666           14.12
              55           20.58           13.78
              56          -22.69           17.61
              57          -17.19           10.02
              58           9.395           13.15
              59           10.53           15.63
              60          -40.02           13.01
              61          -20.12           18.12
              62          -9.818           13.56
              63           42.47           19.31
              64           7.911           46.42
              65          -31.65           10.64
              66           26.97           22.09
              67           24.58           15.01
              68          -27.49           22.64
              69          -22.06           8.848
              70           10.45           16.17
              71            38.7           13.31
              72          -30.48           16.78
              73          -11.12           8.032
              74           5.996           13.46
              75           40.36           15.05
              76          -32.79           11.88
              77           4.479           8.276
              78          -4.157           12.93
              79           39.15           16.37
              80          -10.96           26.14
              81          -19.77           14.06
              82           31.93           19.68
              83           15.04           10.44
              84          -29.73           22.84
              85          -6.936           10.84
              86           8.693           11.75
              87           19.07           11.81
              88          -14.54           18.64
              89          -4.991           10.84
              90           8.806           11.11
              91           27.07           14.43
              92          -30.87           14.67
              93           -21.5           20.12
              94           12.02           11.27
              95            47.8           16.56
              96          -7.889           22.43
              97           -20.3           9.465
              98           4.131           18.73
              99           36.75            14.8
             100          -30.23            19.3
             101          -3.235           8.492
             102           13.99           13.73
             103           14.68           13.92
             104          -39.66           13.72
             105          -10.95           9.759
             106           5.098           12.96
             107            24.4           15.94
             108          -58.31           10.58
             109          -8.595           8.147
             110           18.15           15.29
             111           52.18           17.25
             112           10.46           26.68
             113          -10.65           12.03
             114           -1.41           16.91
             115           10.75           11.69
             116           -5.45           21.35
             117          -10.36           9.668
             118           5.554           11.83
             119           18.36           12.95
             120          -2.682           16.64
             121          -20.58           11.19
             122           13.73           11.34
             123           34.22           15.44
             124          -31.53           13.12
             125          -28.25            26.7
             126           18.29           12.11
             127           55.39           18.73
APV                2              13               1               4
               0               0               0
               1               0               0
               2               0               0
               3               0               0
               4               0               0
               5               0               0
               6               0               0
               7            20.1           12.93
               8          -37.76           13.28
               9          -38.63           10.01
              10           3.542           12.31
              11           24.64            13.3
              12          -23.64           11.86
              13          -27.17           8.705
              14            8.15           10.76
              15           37.12           15.28
              16            3.53           12.78
              17          -23.88           9.658
              18          -6.483            27.1
              19           25.97           10.18
              20          -27.63           11.71
              21          -30.21           8.949
              22          0.9122           11.53
              23           31.54           12.24
              24          -15.71           11.34
              25          -50.87           8.171
              26           13.27           8.659
              27           37.85           14.32
              28          -24.69           9.372
              29           -20.7           10.73
              30           7.952           9.465
              31           34.17           16.73
              32           -9.57            13.3
              33          -10.03           11.13
              34           7.748           11.37
              35           35.39           11.77
              36          -32.09           12.75
              37          -16.35           10.32
              38          -5.787           12.36
              39           31.49            12.9
              40          -26.28           11.93
              41          -18.09           8.076
              42           19.75           12.23
              43           41.31           14.33
              44          -38.48           13.07
              45          -29.73           8.323
              46           11.99           9.905
              47           56.24           16.72
              48          -17.24           14.19
              49          -26.76           9.066
              50          -6.973           19.22
              51           24.69           10.83
              52          -32.28           11.77
              53           -21.6           8.232
              54          -18.84           9.687
              55           31.69           13.48
              56          -17.19           10.61
              57          -11.28           8.652
              58           3.858           8.918
              59           25.93           15.27
              60          -20.14           8.636
              61          -33.61           12.73
              62           22.44           10.46
              63           63.65           17.85
              64          -46.22           11.94
              65          -1.943           11.24
              66          -7.158           17.17
              67           24.56           12.65
              68          -42.99           13.37
              69          -19.72           10.41
              70           6.349           12.84
              71           43.41           12.38
              72          -17.04           12.58
              73          -19.85           9.014
              74           19.54            11.1
              75           43.72           13.51
              76          -33.42           11.95
              77          0.8667           9.446
              78           11.34           10.21
              79           45.11           15.91
              80          -16.84           13.03
              81          -26.48           9.526
              82          -2.199           15.59
              83           32.86           9.728
              84          -35.54           12.21
              85          -24.84           8.984
              86           4.029           8.736
              87           30.86           12.27
              88          -33.11           10.76
              89          -25.76           10.25
              90           6.566           8.169
              91           39.58           14.32
              92          -15.57           9.308
              93          -16.34           15.48
              94           10.95           9.073
              95           55.27           16.71
              96          -10.38           12.76
              97          -11.04           11.13
              98           9.794           14.61
              99           11.54           13.57
             100           -28.4           13.12
             101           -22.2           10.19
             102           5.782           11.39
             103           35.44           12.74
             104          -13.55           12.36
             105          -12.04           9.955
             106           21.92           10.88
             107           48.26           14.38
             108          -36.47           11.17
             109          -27.93           8.287
             110           29.36           11.93
             111           57.92            17.3
             112          -18.45           13.12
             113          -16.35           9.286
             114          -2.915           13.15
             115           34.15            10.4
             116           -22.7           11.78
             117          -34.99           8.515
             118          0.4049           8.243
             119           41.68           13.31
             120          -7.813           10.15
             121          -48.96           9.757
             122           12.59           8.302
             123           44.41           15.24
             124          -25.51           8.864
             125          -32.33           19.24
             126           16.41           9.806
             127           107.2           18.35
APV                2              13               1               6
               0               0               0
               1               0               0
               2               0               0
               3               0               0
               4               0               0
               5               0               0
               6               0               0
               7           51.13           13.75
               8          -60.35           18.18
               9           -39.9           11.03
              10           8.048           9.149
              11           72.12           15.71
              12          -72.89           14.82
              13          -34.66           7.405
              14           36.43           8.031
              15           74.72           21.75
              16          -40.34           17.67
              17          -80.67           12.23
              18          -18.47           19.83
              19           52.17           13.85
              20          -76.24           17.75
              21          -55.93             9.7
              22          -17.54           9.986
              23           89.29           16.88
              24          -66.97           16.55
              25          -38.02           7.947
              26           28.44           9.845
              27           92.66           19.93
              28          -80.64              13
              29           -28.5            7.68
              30           20.54           12.07
              31           103.1            24.7
              32          -52.56           18.51
              33           -73.1           11.99
              34           5.025           11.37
              35           69.89           9.358
              36           -50.6           18.77
              37          -30.53           9.771
              38              18           10.12
              39           86.56           14.73
              40          -75.65           15.82
              41          -48.03           9.014
              42           8.787           8.634
              43           81.51           18.74
              44          -60.67           11.95
              45          -23.03           7.869
              46           44.72           9.046
              47           113.1           24.44
              48          -49.02           19.68
              49          -61.19           11.59
              50          -2.941           14.69
              51           63.87              15
              52          -61.65           17.97
              53          -71.97           8.918
              54          0.9833           9.652
              55           79.72           18.88
              56          -77.05           15.19
              57          -41.15           6.979
              58           6.421           11.13
              59           67.95              22
              60          -43.24           11.61
              61           -21.8            9.86
              62           39.61           13.96
              63           94.29           26.61
              64          -76.43           14.87
              65          -72.79           13.15
              66          -1.398           16.76
              67           66.43           8.687
              68          -80.42           18.62
              69          -53.49            11.4
              70          -10.44           11.42
              71           87.69            12.5
              72          -68.64           17.13
              73           -28.1           10.03
              74           27.75           8.668
              75            87.4           16.39
              76          -55.57           13.22
              77          -8.873           7.849
              78           52.99           7.724
              79           103.9           21.51
              80          -65.04           18.02
              81          -56.78           12.88
              82          -3.728           10.81
              83           56.58           12.21
              84          -62.97            18.3
              85          -46.38            10.3
              86           -1.44           7.715
              87           85.75           15.87
              88          -63.97           16.07
              89          -36.68           7.618
              90           28.71           8.808
              91           88.97            19.1
              92          -66.51           12.83
              93           -18.2           10.28
              94           44.28           11.07
              95             121           23.61
              96          -58.38           17.36
              97          -49.09           12.26
              98          -2.088           13.44
              99           84.42           10.16
             100          -73.67           18.37
             101          -46.37           10.51
             102           7.957           9.584
             103           65.92           14.34
             104             -65           15.48
             105          -52.11              10
             106           32.05            8.02
             107            96.6           18.74
             108          -50.86              12
             109          -34.52           7.646
             110           65.94           8.434
             111           148.8           24.01
             112          -46.97           18.93
             113          -52.02           11.76
             114         -0.9348             9.8
             115           57.67           13.82
             116          -71.37            17.4
             117          -47.78           8.855
             118           29.79           8.307
             119           68.28           17.77
             120          -73.32           14.39
             121          -48.64           7.027
             122           44.16              10
             123           104.6           21.01
             124          -77.73           11.66
             125          -19.34           13.88
             126           76.18           12.76
             127           160.4           25.44
APV                2              13               1               8
               0               0               0
               1               0               0
               2               0               0
               3               0               0
               4               0               0
               5               0               0
               6               0               0
               7           31.43           12.68
               8          -27.61           16.78
               9          -39.45           11.04
              10          -23.86           16.36
              11           37.58           12.48
              12          -23.01           14.44
              13          -20.01           7.844
              14           19.21           12.91
              15           66.67            16.2
              16          -8.355           16.22
              17          -34.14           11.08
              18          -21.68           23.73
              19          -4.373           13.81
              20          -12.64           14.17
              21          -35.38           8.461
              22          -16.29           10.11
              23           39.36           15.36
              24          -13.02           14.46
              25          -32.67           7.196
              26          0.6452           10.68
              27           59.89           16.59
              28          -28.56           11.51
              29           -34.3           6.844
              30          -14.76           12.38
              31           68.01           19.61
              32          -10.53           16.63
              33          -24.56           12.46
              34          -20.43           15.94
              35           25.72           10.97
              36          -20.09           16.35
              37          -31.57           10.28
              38          -8.787           16.74
              39           47.04           12.68
              40          -22.48           14.71
              41          -26.47           8.296
              42          -15.59           15.01
              43           45.74           14.81
              44           -24.1           14.66
              45          -19.47           9.741
              46           9.019           11.52
              47           72.69           19.11
              48          -8.324           16.82
              49           -46.4           10.21
              50          -26.83           15.18
              51           17.05           14.78
              52          -20.94           14.36
              53          -35.64           8.169
              54          -23.12           10.12
              55           34.51           16.59
              56          -23.06           13.36
              57          -25.57           6.352
              58          -7.583           11.54
              59           55.43           18.08
              60          -11.28           10.28
              61          -42.08           8.982
              62         0.06095           13.64
              63           96.14           21.33
              64          -6.549           16.98
              65          -26.72           14.18
              66          -14.99           21.69
              67           4.205           12.62
              68          -19.91           17.28
              69          -8.537           11.07
              70         -0.1532           17.24
              71            36.5           12.31
              72          -16.23            16.1
              73           -31.7           9.251
              74          -18.91            14.5
              75           61.81           14.28
              76          -22.35           14.66
              77          -28.53           8.554
              78           3.074           11.87
              79           110.2           18.61
              80          -3.056           16.05
              81          -45.13            11.6
              82          -23.67           11.01
              83           32.76           13.31
              84          -23.67           14.88
              85          -27.85           8.743
              86           26.17           8.701
              87           38.58           15.29
              88          -15.02           13.43
              89          -30.17           6.802
              90           5.966           10.57
              91           67.49           17.39
              92          -26.66           11.25
              93          -42.08           10.16
              94          -1.808           12.42
              95           107.5           20.74
              96           -4.45           17.14
              97          -13.01           12.88
              98          -18.66           18.48
              99           20.71           13.68
             100          -14.86           16.69
             101          -31.45           9.953
             102          -6.186           15.46
             103           72.95           13.41
             104           -21.7           15.23
             105          -32.08           11.49
             106           12.97           13.91
             107           49.15           15.61
             108          -26.33           13.38
             109          -20.67           8.994
             110           -5.07           12.41
             111           89.65           20.08
             112          -20.33           15.83
             113          -20.32           10.57
             114           5.318           9.477
             115           31.84           13.71
             116          -23.26           14.36
             117          -24.12           7.801
             118          -9.527            9.47
             119           53.98            16.6
             120           -36.1           12.45
             121          -26.48           6.274
             122           6.871           11.48
             123           59.21           18.24
             124          -25.04           10.35
             125          -31.29            14.4
             126          -12.03           13.21
             127           118.4           22.54
APV                2              13               1               1
               0               0               0
               1               0               0
               2               0               0
               3               0               0
               4               0               0
               5               0               0
               6               0               0
               7           17.39           10.87
               8          -19.12           9.329
               9           -11.1           6.445
              10           4.342           12.19
              11          0.2805           11.49
              12          -17.27           8.956
              13          -15.44           6.062
              14           6.205            10.5
              15           45.55           11.79
              16          -19.37           10.21
              17           -13.3           8.518
              18          -8.486           18.74
              19             1.9           6.994
              20          -49.23           10.31
              21          -16.75             8.2
              22           6.543           7.987
              23           7.375           7.516
              24          -37.02           9.766
              25          -9.085           7.496
              26           2.808            6.17
              27           34.84            9.41
              28          -22.04           9.147
              29           7.834           8.043
              30           28.53           6.655
              31           71.14            11.2
              32          -29.99           10.58
              33          -23.26           8.085
              34          -21.58           10.97
              35           7.212           11.15
              36          -33.73           9.954
              37          -12.59           6.976
              38               2           11.33
              39           8.702           10.58
              40           -34.5           8.943
              41          -12.24           6.688
              42            17.7           11.82
              43           23.39           11.93
              44          -29.96           9.131
              45           -12.1           7.601
              46          -6.241           9.897
              47           65.54           13.36
              48           -46.4           10.79
              49          -17.49           8.206
              50          -15.34           12.99
              51           12.16            7.08
              52          -35.24           10.48
              53           4.858           7.912
              54           25.68           6.807
              55           20.94           8.114
              56          -19.75           9.396
              57          -18.73           7.083
              58          -5.232           6.509
              59           21.18           9.985
              60          -1.534           8.516
              61          -3.522           9.116
              62           8.536           7.006
              63           68.11           14.52
              64          -45.21           9.788
              65           -23.1           8.106
              66          -10.46           15.27
              67           12.94           11.04
              68          -31.34           10.49
              69           6.048           7.371
              70           16.91           12.31
              71           3.555           10.19
              72           -23.1           9.859
              73           8.197           6.711
              74          -7.905           11.09
              75           17.04           11.53
              76          -23.75           9.652
              77          -8.132           6.378
              78           16.39           10.33
              79           77.46           12.61
              80          -46.25           10.52
              81          -26.71           8.831
              82          -8.585            10.4
              83           10.89           6.739
              84          -28.59           11.13
              85          -2.095            8.17
              86           16.17           6.475
              87            21.5           7.741
              88          -15.98           9.757
              89          -22.77           7.779
              90          -3.134           6.135
              91           36.35           10.12
              92          -27.97           9.106
              93            -1.8           10.49
              94           2.233           6.393
              95           107.3           12.08
              96          -38.14            10.4
              97             1.9           7.513
              98           4.237           12.97
              99           13.01           11.54
             100          -28.65           10.16
             101          -6.004           7.007
             102          -11.54           10.63
             103           9.698           10.48
             104          -29.45           9.321
             105          -8.768           7.488
             106         -0.2837           10.99
             107           30.98           12.36
             108          -10.24           8.782
             109           3.498           7.243
             110           24.54           11.93
             111           113.3           13.73
             112           -51.6           10.75
             113          -21.25           8.171
             114          -1.279           8.928
             115           7.345           7.271
             116          -43.63           10.52
             117          -12.87           7.662
             118            20.7           6.065
             119           10.29           8.293
             120          -27.62           9.103
             121          -12.83           7.537
             122         -0.6675            6.28
             123           41.76           10.77
             124          -9.513           8.481
             125          -5.686           13.41
             126           22.06           7.251
             127           117.7           15.41
APV                2              13               1               3
               0               0               0
               1               0               0
               2               0               0
               3               0               0
               4               0               0
               5               0               0
               6               0               0
               7           50.66           17.75
               8           -47.8           16.43
               9          -54.47           8.205
              10          -9.734           11.51
              11            53.5           18.57
              12          -53.34           13.63
              13          -36.73           6.848
              14           23.28           12.85
              15           75.04           19.34
              16          -25.49           19.24
              17          -24.29           12.15
              18          -21.73           14.98
              19           42.87            10.8
              20          -44.15           17.93
              21          -40.26           10.48
              22          -29.92           7.526
              23           53.62           14.84
              24          -49.66           15.19
              25          -38.24           8.518
              26          -10.52           8.035
              27           90.85           17.52
              28          -29.54           12.86
              29          -39.01           8.354
              30           11.49           10.12
              31           86.69           18.79
              32          -46.66           19.37
              33          -48.26           11.98
              34          -11.79           8.332
              35           29.52           15.49
              36          -43.79           17.34
              37          -21.61           9.656
              38           3.712           10.02
              39              68           17.77
              40          -61.79           14.61
              41          -32.38            7.64
              42          0.9941           12.18
              43           81.67           19.38
              44          -32.72           12.92
              45          -26.67           7.509
              46           15.96           13.37
              47              96           19.48
              48           -32.8           18.55
              49          -51.16           11.16
              50          -9.529           11.19
              51           39.88           12.29
              52           -55.3            16.9
              53          -24.87           9.379
              54           -14.3           7.447
              55           75.58           16.03
              56           -44.9           13.64
              57          -40.76           7.845
              58           2.238           9.057
              59            62.5           17.95
              60          -31.62           11.47
              61          -26.99           8.866
              62           19.56           11.35
              63             122           17.92
              64          -60.85           18.76
              65          -29.82           13.51
              66          -30.77           10.26
              67           34.06           14.41
              68          -40.85           18.81
              69           -31.1            10.9
              70          -14.84           9.592
              71            70.6           16.17
              72          -37.86           16.58
              73          -39.18           8.661
              74           5.186           10.31
              75           83.23           18.07
              76          -17.99           14.82
              77          -24.42           7.031
              78           38.25           12.34
              79           99.57           19.66
              80          -51.38           19.72
              81          -35.18           13.08
              82          -15.56           9.902
              83           47.58           10.88
              84          -58.84           18.87
              85          -33.55           11.13
              86          -21.64           6.693
              87           67.96           14.58
              88          -62.97           15.58
              89           -31.3           9.408
              90          -2.238            7.55
              91           92.61           17.28
              92          -30.26           13.48
              93          -25.62           10.48
              94           23.53           9.818
              95           117.7           19.35
              96          -47.57           19.39
              97          -41.43           12.02
              98          -35.12            9.67
              99           48.67           15.41
             100          -39.35           17.96
             101          -36.15           9.887
             102          -4.572           9.372
             103           75.87           17.14
             104          -62.44           15.44
             105          -25.38           7.585
             106           15.32           11.19
             107           92.62           19.08
             108           -31.3           13.02
             109          -25.21           7.077
             110           19.04           14.32
             111           137.8           20.25
             112          -39.07            19.1
             113          -19.31           11.77
             114          -25.55           8.449
             115           41.83           12.13
             116          -29.08           17.63
             117          -26.13           9.795
             118          -16.21           6.858
             119           78.71           15.57
             120          -34.65           14.27
             121          -29.87           8.532
             122           12.03           8.665
             123           88.18           18.18
             124          -19.34           12.16
             125          -67.19            11.7
             126           25.25            11.3
             127           142.8           19.66
APV                2              13               1               5
               0               0               0
               1               0               0
               2               0               0
               3               0               0
               4               0               0
               5               0               0
               6               0               0
               7           38.98           15.02
               8          -29.28           15.73
               9          -16.71           8.558
              10          -11.87            13.2
              11           57.34            16.2
              12          -53.19           13.02
              13          -15.03           7.902
              14           4.951            12.4
              15           77.21           18.24
              16          -7.516           18.83
              17          -21.38           12.22
              18          -22.43           21.86
              19           31.07           11.12
              20          -39.02           17.64
              21          -38.77           10.31
              22         -0.8237           9.848
              23           33.05           12.82
              24          -56.98            15.1
              25          -25.64           9.159
              26          -9.617           9.178
              27           28.34           15.27
              28          -48.94           12.83
              29          -16.58           9.725
              30           6.204            10.1
              31           69.18           18.13
              32           2.346           19.05
              33          -26.27           10.51
              34           3.295            11.6
              35           19.15           14.58
              36          -30.46           16.49
              37           -26.1           8.676
              38           4.552           12.38
              39           45.41           15.07
              40             -44           13.61
              41          -22.18           8.515
              42           4.599           13.15
              43           61.58           17.07
              44          -36.99           10.45
              45           -21.9           8.972
              46           2.034           12.09
              47           70.94           19.23
              48          -14.08           19.86
              49          -27.28           11.64
              50         -0.1197           16.67
              51           39.29           11.85
              52          -41.66           17.27
              53          -27.66           9.859
              54          -9.567            9.51
              55            20.4           14.01
              56          -46.58           14.32
              57          -36.71           8.843
              58          -19.22           9.835
              59           82.17           16.58
              60          -48.46           11.62
              61          -10.27           11.46
              62           3.071           10.79
              63           90.43           20.21
              64          -26.32           18.53
              65          -37.12            11.5
              66           11.18           17.35
              67            27.1           14.11
              68          -44.56           17.11
              69          -26.13           9.488
              70          -3.221            13.4
              71           25.18           13.75
              72          -66.08            14.8
              73          -8.493           9.038
              74          -8.581           11.82
              75           76.19            15.6
              76          -27.49           12.08
              77          -2.608            7.95
              78           18.44           12.03
              79           85.66           18.17
              80          -27.09           19.69
              81          -13.14           12.71
              82         -0.8902           12.55
              83           16.07           9.922
              84          -9.196           18.53
              85          -29.85           10.91
              86            -2.7           8.239
              87            50.3           12.42
              88          -24.44           15.27
              89          -6.569           9.665
              90           9.974           8.285
              91           61.71           15.14
              92          -43.36            12.8
              93          -13.71           12.74
              94           22.46           9.296
              95           102.4           18.41
              96          -17.49           18.17
              97          -35.31           10.16
              98           -15.5           14.11
              99           29.22           13.71
             100          -40.22           16.22
             101           -29.3           9.156
             102          -15.51           11.52
             103           59.17           14.57
             104          -59.33           13.53
             105           -26.5           9.265
             106          -1.328           11.57
             107           70.95           16.65
             108          -42.53           10.85
             109          -7.738            8.66
             110           28.22           13.98
             111           115.6           19.37
             112          -22.92           19.26
             113          -37.82            11.4
             114          -12.85           11.22
             115           30.55           11.18
             116          -32.24           16.95
             117          -32.23            9.72
             118          -17.08           8.282
             119           43.35           13.55
             120          -41.79           13.76
             121          -22.24           9.251
             122          -6.591           8.783
             123           70.01           16.44
             124          -44.27           11.83
             125          -9.677           16.32
             126           4.651            10.3
             127           141.5           20.31
APV                2              13               1               7
               0               0               0
               1               0               0
               2               0               0
               3               0               0
               4               0               0
               5               0               0
               6               0               0
               7           22.82           17.82
               8          -53.22           12.39
               9          -25.23           12.55
              10           13.44           16.52
              11           43.29           21.23
              12          -43.04           12.79
              13          -3.614           11.88
              14           13.96           14.87
              15           69.43           23.14
              16           23.06           10.75
              17          -30.22           10.19
              18           -7.14           36.36
              19          -5.052           9.172
              20          -30.08           11.28
              21          -21.74           11.48
              22           6.745            13.9
              23           40.21           14.85
              24          -48.77           9.728
              25          -27.84           11.05
              26          0.1982           8.101
              27           43.13           19.03
              28          -43.14           9.299
              29          -28.04           14.89
              30           18.95           8.449
              31           73.52           23.72
              32          -22.47           11.12
              33           -26.5           14.11
              34           11.56           13.48
              35           28.71           17.63
              36          -41.96           12.38
              37          -28.29           14.06
              38          -8.771           15.68
              39           31.32           19.33
              40          -44.93           12.82
              41          -19.55           10.46
              42           11.91           16.54
              43           55.64           21.48
              44          -40.82           16.74
              45          -20.54           9.102
              46           -2.29           13.57
              47           74.75           24.56
              48          -8.405           10.95
              49           -21.1           9.494
              50           11.01           25.47
              51           13.75            11.1
              52          -42.42           10.35
              53          -35.96           10.25
              54           4.307           10.65
              55           30.53           16.79
              56          -48.35            9.09
              57          -10.78           11.42
              58           2.786           7.973
              59           45.27           20.85
              60          -37.81           8.761
              61          -21.97           16.94
              62          -1.714           9.404
              63           78.03           22.15
              64          -27.87           13.06
              65          -13.56           14.99
              66          -2.302           20.48
              67            10.9           18.26
              68          -46.59           13.27
              69          -18.11           13.96
              70           6.641           16.17
              71           46.78           18.12
              72          -40.73           13.07
              73          -28.85           11.69
              74           5.453           13.83
              75            41.9           19.59
              76          -37.29           15.39
              77          -17.52           12.01
              78           11.25           13.41
              79           90.68           23.24
              80          -16.75            10.6
              81          -28.01           10.56
              82          -12.41           21.85
              83           25.69           10.06
              84          -53.19           11.39
              85          -22.32           11.84
              86           9.436           10.96
              87            46.5              15
              88           -41.3           9.979
              89           -8.75           14.31
              90            3.56           7.623
              91           60.12           19.39
              92          -27.21           10.04
              93          -9.684           21.95
              94           14.05            8.09
              95           93.75           24.34
              96          -20.44           11.59
              97          -29.47           14.17
              98           1.516           16.94
              99           18.66           19.01
             100          -45.71           12.79
             101          -22.89           13.85
             102          -16.73           13.41
             103           43.57            18.4
             104          -45.43           13.83
             105           -3.65           10.55
             106           8.261           13.44
             107           59.45           21.37
             108          -11.63           14.37
             109          -14.79           9.147
             110            10.9           16.59
             111           74.17           25.48
             112          -38.97           10.19
             113          -48.99            10.3
             114           4.403           17.64
             115           16.45           11.15
             116          -49.19           10.76
             117          -6.152           11.52
             118           9.262           9.326
             119           42.77           17.02
             120          -44.38           9.697
             121          -24.58           13.91
             122            34.1           7.597
             123           58.26           21.03
             124          -16.54           9.506
             125          -10.55           26.78
             126           8.437           9.132
             127           128.8           25.37
APV                2              13               1               9
               0               0               0
               1               0               0
               2               0               0
               3               0               0
               4               0               0
               5               0               0
               6               0               0
               7            0.17           33.68
               8          -73.81           36.79
               9          -13.51           33.95
              10           23.31           32.32
              11            43.8           43.66
              12          -52.44           33.57
              13          -6.214           26.03
              14           27.61           21.37
              15           58.28           60.18
              16          -39.06           31.63
              17          -48.13           30.05
              18           11.82           53.79
              19           11.32           30.44
              20          -55.94           32.81
              21          -30.04           27.07
              22           7.036              20
              23           28.69           42.18
              24          -70.65           33.35
              25          -5.067           21.87
              26           30.24           14.82
              27           46.41           52.31
              28          -35.42            29.2
              29          -6.892           17.09
              30           28.89           23.79
              31           57.52           66.33
              32          -41.38           30.82
              33          -47.14           30.66
              34            24.8           34.18
              35           32.84           24.51
              36          -62.99           37.28
              37          -20.42           30.48
              38           31.35           33.86
              39           32.07           38.25
              40          -61.43           31.45
              41          -21.56           25.29
              42           10.45           26.98
              43           14.46           52.72
              44          -46.74           33.02
              45          -14.55            24.8
              46           26.73           18.96
              47           60.06           69.22
              48          -45.15           33.18
              49          -31.26           28.19
              50           8.879           41.16
              51           18.68            36.3
              52          -71.23           34.97
              53          -18.74           25.61
              54          -2.304           15.61
              55           61.61            48.6
              56          -49.92            31.5
              57          -20.85           17.05
              58           23.63           19.61
              59            49.1           59.43
              60          -24.05           26.49
              61          -5.086           20.66
              62           2.231           29.68
              63           50.77           73.26
              64          -59.85           23.72
              65          -36.45           30.67
              66            11.6           49.56
              67           22.75           24.09
              68          -64.84           37.76
              69          -13.66           33.08
              70           19.54           39.53
              71           29.93           31.01
              72          -65.88           35.16
              73          -2.302           28.88
              74           25.56           28.87
              75           52.82           45.44
              76          -21.37           31.69
              77          -1.941           27.56
              78           23.13           20.06
              79           71.47           61.26
              80          -66.73           27.56
              81          -36.97           29.78
              82            3.18           30.29
              83           7.236           26.18
              84          -46.08           33.23
              85          -25.76           27.66
              86           7.908           13.51
              87           38.02           40.62
              88          -44.89           31.89
              89          -32.91           21.26
              90            9.91           12.49
              91           38.32           52.12
              92          -12.29           27.67
              93           -15.4           28.42
              94           23.19           20.12
              95           82.11           66.34
              96          -49.37           55.31
              97          -36.29           27.42
              98           19.33           39.79
              99           40.79           26.29
             100          -68.51           39.46
             101          -23.93           31.76
             102           17.86           32.26
             103           36.22           37.91
             104          -50.32           34.16
             105          -6.786           32.77
             106           32.01           24.25
             107           65.14           52.98
             108          -33.27            29.1
             109          -3.088           23.54
             110           42.75           23.27
             111           91.77           68.96
             112          -55.77           28.74
             113          -51.68           27.74
             114          -5.269           23.63
             115              17           33.26
             116          -58.93           34.04
             117          -9.415           25.48
             118           10.94           11.78
             119           33.87           46.38
             120          -60.22           29.86
             121          -17.27           18.19
             122           23.54           16.41
             123           47.64           58.22
             124          -19.91           25.96
             125           4.942           40.99
             126           17.37           26.04
             127           90.15           73.18
APV                2              13               2               0
               0               0               0
               1               0               0
               2               0               0
               3               0               0
               4               0               0
               5               0               0
               6               0               0
               7           42.15           16.48
               8          -65.93           16.07
               9          -31.56           7.219
              10           12.78            14.4
              11           36.43           17.87
              12          -46.55           12.14
              13          -21.96           7.359
              14           14.75           14.65
              15           82.55           17.93
              16          -46.99              29
              17          -62.25           11.14
              18          -23.98           24.43
              19            33.2           11.51
              20          -65.74           20.77
              21          -32.86           9.416
              22           6.603              11
              23           56.49           13.22
              24          -76.22           15.19
              25          -36.36           8.155
              26           21.83           9.714
              27           63.06           15.75
              28          -56.17           11.95
              29          -19.34           10.38
              30           34.32           10.79
              31           68.71           17.03
              32          -48.78           27.16
              33          -48.64           10.79
              34           12.14           10.88
              35           51.41           16.52
              36          -50.49           18.95
              37          -31.71           8.551
              38           39.63           13.19
              39           46.12           16.44
              40          -63.72           13.81
              41          -17.88           7.345
              42           32.27           14.35
              43           66.26            17.8
              44          -36.74            11.4
              45          -5.537           8.143
              46           30.23           14.21
              47           84.07           17.87
              48          -71.79           25.33
              49          -47.57           10.25
              50           11.42           18.04
              51           55.13           12.12
              52          -55.43           18.83
              53          -59.07           8.436
              54           19.42           10.09
              55           36.61           14.04
              56          -55.21            13.3
              57          -36.41           8.449
              58           20.56           10.37
              59           57.45           16.29
              60          -45.76           10.47
              61          -7.009           12.44
              62           42.95           11.35
              63             117           17.02
              64          -43.43           33.06
              65          -44.64           12.46
              66           23.97           15.77
              67           39.25           15.98
              68          -49.49           21.72
              69          -33.68           9.386
              70           18.76           13.14
              71           43.22            15.8
              72           -57.4           16.11
              73          -6.447           7.776
              74           19.22           12.88
              75            55.4           16.68
              76          -62.88           12.86
              77          -13.54           7.177
              78           33.59           13.66
              79            81.3           17.75
              80          -47.04           32.08
              81          -33.37           12.34
              82         -0.4045           14.54
              83           39.01            10.7
              84          -77.26            22.3
              85          -28.71           9.895
              86           5.687           8.905
              87           49.04           13.36
              88          -71.05           15.24
              89          -32.53           9.907
              90           20.73           8.922
              91           61.07           15.56
              92          -48.39           12.07
              93          -10.26              15
              94           40.06           9.994
              95           88.58           17.12
              96          -49.25           27.04
              97          -65.93           10.63
              98            3.16           13.56
              99           37.31           16.16
             100          -67.37           19.35
             101          -30.47           8.724
             102           27.18           12.56
             103           49.93           16.36
             104          -67.69           13.81
             105          -31.17           7.649
             106           27.69           13.22
             107           80.71           17.33
             108          -44.54           11.41
             109          -11.56           7.444
             110           60.34           15.91
             111           101.8           18.11
             112          -86.53           25.88
             113          -51.89           10.48
             114           2.949           12.56
             115           59.73           11.83
             116          -49.06           19.01
             117          -23.32            8.98
             118           45.18           8.821
             119           33.17           14.15
             120          -64.12           13.21
             121          -41.25           9.622
             122           37.14           9.612
             123           70.34           16.23
             124          -22.54           10.93
             125          -2.923           18.57
             126           57.24           10.98
             127           129.2           17.52
APV                2              13               2               2
               0               0               0
               1               0               0
               2               0               0
               3               0               0
               4               0               0
               5               0               0
               6               0               0
               7           34.99           13.08
               8          -29.69           10.55
               9          -19.18           7.932
              10           9.321            12.3
              11           45.86           13.67
              12          -57.14           9.529
              13          -32.08            8.45
              14           8.866           11.39
              15           62.74           13.23
              16          -32.14           13.58
              17          -23.38           8.845
              18          -12.32           25.88
              19           31.13           8.352
              20          -69.36           11.71
              21          -42.77           8.982
              22          -2.598           11.32
              23            46.2           9.366
              24          -26.61           10.37
              25          -9.684           8.705
              26           1.422           8.338
              27           50.72           11.15
              28          -45.21           8.937
              29          -31.29            11.3
              30           4.903           7.726
              31           43.73           12.01
              32          -57.88           13.36
              33           -40.8           9.421
              34          -1.421            9.53
              35           40.33           13.33
              36          -58.78           11.04
              37          -18.27           9.272
              38           21.14           11.03
              39           53.92           12.92
              40          -47.41           9.911
              41           -12.5           7.758
              42           12.51           11.79
              43              57           13.43
              44          -54.52           10.54
              45          -10.86           8.018
              46           18.18           10.74
              47           65.23           13.12
              48           -44.1           14.14
              49          -35.77           8.557
              50          -12.01           18.83
              51           19.49            8.42
              52          -42.35           11.33
              53          -12.78           8.429
              54           12.59           9.605
              55            63.6           9.976
              56          -32.44           9.626
              57           -9.35           9.249
              58           1.048           8.062
              59            29.4            11.3
              60          -54.81           8.307
              61           -23.4           13.19
              62           24.32           7.849
              63           76.94           11.97
              64           -57.8           13.34
              65          -8.577           9.591
              66           7.092           13.83
              67           37.15           13.27
              68          -43.61           11.65
              69          -46.71           9.042
              70           8.518           11.38
              71           43.93           12.17
              72          -39.13           10.44
              73           -31.6           8.014
              74          0.3083           10.73
              75           40.18           13.01
              76          -39.85            10.2
              77          -16.16           8.345
              78           43.12           10.62
              79            77.3           13.66
              80          -45.97           14.49
              81          -18.79           9.143
              82          -20.13           15.97
              83           47.08           8.011
              84          -70.58           12.38
              85          -35.65           8.946
              86           13.47            9.17
              87           31.57           9.275
              88          -35.81           10.06
              89          -14.38           10.53
              90           39.21           7.654
              91           44.73           11.41
              92          -32.65           9.065
              93          -27.02           15.48
              94           20.23           7.372
              95            80.2           13.09
              96          -42.52           12.92
              97          -43.35           9.184
              98          -7.057           12.09
              99           39.41           13.54
             100          -32.95           11.16
             101          -29.06           9.136
             102           2.393           10.44
             103           76.35           12.48
             104          -23.77           10.31
             105          -18.54           7.843
             106            23.3           10.82
             107            58.8           13.35
             108          -10.24           9.617
             109          -5.596           7.895
             110           35.88            12.6
             111           89.75           14.02
             112          -69.93           13.56
             113          -29.43           8.742
             114          0.4638           13.42
             115           39.59           8.456
             116          -39.67           11.45
             117           -27.9           8.899
             118           12.23           8.249
             119           38.63           9.911
             120          -25.44           9.382
             121          -13.54            10.4
             122           23.66           7.529
             123           51.65              12
             124          -24.14            8.45
             125           6.237           18.93
             126           50.81           7.699
             127           111.8           13.43
APV                2              13               2               4
               0               0               0
               1               0               0
               2               0               0
               3               0               0
               4               0               0
               5               0               0
               6               0               0
               7            42.3           10.39
               8          -68.87           12.11
               9          -21.06           8.947
              10           43.19           10.04
              11           44.27           11.11
              12          -62.14           10.67
              13          -37.16           7.649
              14           31.12           8.496
              15           57.87           14.97
              16          -9.738           11.54
              17          -46.46           8.993
              18          -12.42           19.71
              19         -0.6263           9.745
              20          -60.43           10.71
              21           -28.3           7.884
              22          -17.43           9.038
              23           45.03           11.36
              24          -72.93           10.98
              25          -30.46           7.312
              26           26.59           8.005
              27           52.49           13.37
              28           -37.7           9.408
              29          -38.76           8.093
              30           10.29           8.556
              31           73.58           17.25
              32          -26.85           11.94
              33          -47.01           9.414
              34          -5.584           10.46
              35           47.38           8.489
              36          -39.33           11.63
              37          -53.49           8.562
              38           13.53           10.53
              39           47.69           10.81
              40          -65.74           11.15
              41          -17.96           7.822
              42           10.86           9.413
              43           60.73           13.05
              44          -31.78            10.4
              45          -29.35           7.621
              46           30.44           8.101
              47           123.4           17.92
              48          -31.58           12.99
              49          -44.05           8.896
              50           2.333           14.02
              51           42.12           10.27
              52          -65.49           11.04
              53          -49.15             7.6
              54           0.101           8.077
              55           58.22           12.84
              56          -46.58           10.61
              57          -17.28           7.095
              58            27.9           8.274
              59           66.49           15.05
              60          -60.64           8.772
              61          -12.86           9.505
              62           29.89           9.171
              63           95.39           19.98
              64          -42.35            9.72
              65          -57.41           9.328
              66            3.25           15.13
              67           28.89            8.64
              68          -66.47           11.36
              69          -42.06           8.711
              70               6           11.21
              71           33.43           9.977
              72          -24.05           11.37
              73          -15.14           8.269
              74           19.77           8.931
              75           61.72           11.91
              76           -39.7           9.713
              77          -30.26           7.766
              78           11.43           7.891
              79             105           15.99
              80          -35.35           11.37
              81          -49.02            8.92
              82          0.2829           11.48
              83           12.41           8.751
              84          -38.24           11.09
              85             -29           7.952
              86          -10.41           7.329
              87           66.72           11.13
              88          -25.97           10.13
              89          -32.29           7.868
              90           14.92             7.5
              91           70.84           13.44
              92          -31.95           8.878
              93          -6.194           11.24
              94           41.34           8.099
              95           129.1           17.58
              96          -64.31           10.82
              97          -43.49           9.205
              98           5.625           12.59
              99           26.01           9.409
             100          -57.43           11.57
             101          -37.04           8.481
             102           4.285           9.689
             103           68.35           10.82
             104          -16.82           10.66
             105          -11.65           8.944
             106           29.31           8.313
             107           78.74           13.45
             108          -54.61            9.24
             109          -40.31            7.38
             110            35.9           9.012
             111           133.7           18.31
             112          -59.46           11.56
             113          -46.06            8.56
             114           7.685           10.06
             115           27.01           9.652
             116          -67.89           10.62
             117          -18.37           7.441
             118           11.57           7.358
             119           39.32           12.32
             120          -61.84           9.551
             121          -24.41           7.621
             122           23.53           7.792
             123           92.81           14.98
             124          -49.39           8.506
             125          -25.76           14.42
             126           9.885           8.714
             127           161.8            20.3
APV                2              13               2               6
               0               0               0
               1               0               0
               2               0               0
               3               0               0
               4               0               0
               5               0               0
               6               0               0
               7           72.77           17.84
               8          -42.66           17.95
               9          -27.85           11.26
              10          -22.52           12.17
              11           71.46           17.88
              12          -47.63           15.54
              13           -21.4           8.153
              14           27.46           15.03
              15           87.09           33.48
              16          -28.67              18
              17           -46.9           12.49
              18          -12.84           18.01
              19            33.9           16.48
              20          -55.31           15.97
              21          -55.57            10.2
              22           12.81           8.203
              23           52.37           16.72
              24          -44.95           15.08
              25          -21.91           8.287
              26           8.556           10.36
              27           81.32           18.18
              28          -48.28           12.99
              29          -21.39           7.609
              30           9.518           13.84
              31           64.24           17.26
              32          -34.74           18.17
              33          -62.22            14.2
              34          -19.18           10.01
              35            35.5           17.32
              36          -60.68           17.55
              37          -30.27           11.75
              38          -15.19           11.81
              39           66.06           17.11
              40          -55.66           16.35
              41           -26.1           9.025
              42          -3.312           13.17
              43           71.81           18.91
              44          -50.31           16.09
              45          -16.32           7.362
              46           29.49           15.81
              47           83.09           17.47
              48           -44.1           15.89
              49          -34.22           11.42
              50          -18.35           11.96
              51           18.25            17.5
              52          -48.21           15.76
              53          -52.14           9.206
              54          0.4543           8.675
              55            58.6           17.06
              56           -53.3           13.77
              57          -50.07           7.199
              58           18.59           12.02
              59           86.17           18.44
              60          -44.03           11.79
              61          -18.49             7.9
              62           22.49           15.78
              63            90.5           17.53
              64          -50.84           18.61
              65          -41.07           15.61
              66          -18.62           12.24
              67           29.21           15.36
              68          -32.81           19.01
              69          -26.68           12.64
              70           6.169           10.74
              71           61.52           17.25
              72          -31.18           17.92
              73          -20.47           10.33
              74           12.53           11.12
              75           69.34           16.41
              76          -47.01           17.02
              77          -10.74           7.866
              78           19.41           13.62
              79           108.9           17.69
              80          -44.49           17.32
              81          -44.08           13.01
              82            2.85           10.69
              83           28.65           15.97
              84          -54.73           16.94
              85          -26.25           10.62
              86           15.57           7.315
              87           84.25           17.28
              88          -31.64           15.28
              89          -42.26           9.195
              90           10.28            10.1
              91           63.65           18.39
              92          -39.54           13.55
              93          -14.44           10.49
              94           19.27           14.18
              95           97.36           17.56
              96          -54.29           18.86
              97          -37.82           14.42
              98          -8.846           10.61
              99           40.37           17.51
             100          -54.66           18.21
             101          -33.63            11.6
             102           9.856           11.25
             103           65.66           16.96
             104          -52.32           17.28
             105          -23.38           8.874
             106           25.15           12.49
             107           59.26           17.81
             108          -39.14           15.44
             109          -14.97           6.998
             110           31.07           14.45
             111           96.76           17.94
             112          -28.43           17.21
             113          -38.61           11.99
             114           2.576           8.804
             115           42.43           17.29
             116           -47.5           16.15
             117          -33.93           9.421
             118          -3.287           8.307
             119           49.47           17.02
             120           -57.7           14.16
             121          -3.618           8.193
             122           27.24           11.74
             123           65.74           19.09
             124          -39.83           12.47
             125          -18.91           12.07
             126           26.44           14.87
             127           128.9           17.99
APV                2              13               2               8
               0               0               0
               1               0               0
               2               0               0
               3               0               0
               4               0               0
               5               0               0
               6               0               0
               7           35.62           15.61
               8          -47.42           24.28
               9          -34.62           8.505
              10           16.61           9.476
              11           36.93           18.72
              12          -56.71           17.83
              13          -23.31           6.178
              14           39.87            11.7
              15           82.17              21
              16          -6.879           30.58
              17          -34.77            13.4
              18          -6.036           14.32
              19           42.01           15.03
              20          -42.33           25.91
              21          -38.05           9.769
              22           2.877           10.58
              23           47.81           17.19
              24          -68.69           22.33
              25          -44.98           6.962
              26           16.85           12.07
              27           56.59           19.96
              28          -39.18           17.37
              29           -24.7           7.351
              30           24.38           14.63
              31           64.98           22.17
              32          -31.75           31.05
              33          -34.88           12.84
              34           3.316           7.327
              35           39.28           14.26
              36          -49.52           25.54
              37          -20.13           8.833
              38           16.15           8.065
              39           24.63           17.22
              40          -48.87           19.74
              41          -24.25           7.575
              42           13.81           10.57
              43            67.8           20.92
              44          -55.08            13.2
              45          -20.47           6.966
              46           42.98           13.62
              47           59.85           23.32
              48          -30.75           31.06
              49          -45.28           11.99
              50          -2.805           12.29
              51           34.56           16.27
              52          -52.91           25.48
              53          -34.42           8.695
              54           6.558           11.32
              55           43.98           18.96
              56          -49.64           19.42
              57          -26.36           6.305
              58           36.35           13.76
              59           55.34           21.57
              60          -57.83           14.06
              61          -20.95           9.854
              62           35.77           16.05
              63           76.27           24.71
              64          -65.93           27.89
              65          -35.88           15.56
              66           17.81           10.18
              67           43.27           11.98
              68          -62.27           26.44
              69          -44.52           10.86
              70           39.08           7.887
              71           32.97           15.72
              72          -65.61            23.1
              73          -36.27           8.665
              74           24.67           9.142
              75           46.69           19.55
              76          -36.84           17.01
              77          -9.409           6.382
              78           23.93           11.53
              79           81.81           22.03
              80          -44.76           32.45
              81          -26.89           15.41
              82        -0.03321           8.463
              83           28.67           14.02
              84          -45.28           27.69
              85          -59.62            10.6
              86           18.96           8.692
              87           34.72           16.95
              88          -37.02           22.29
              89          -25.27           6.746
              90           25.13           11.26
              91           54.61           20.62
              92          -57.68           16.85
              93          -12.07           8.616
              94           23.44           13.52
              95           93.73           22.97
              96          -36.01           30.37
              97          -40.58           13.05
              98           1.094           8.727
              99           26.46           13.43
             100          -33.98           25.54
             101          -41.99           9.249
             102           8.202           8.236
             103           49.26           17.53
             104          -43.11           19.85
             105          -25.64           7.541
             106           25.47           10.69
             107           54.33           21.44
             108           -43.5           14.66
             109         -0.3161           6.817
             110           52.03           12.95
             111           79.35           23.74
             112          -47.94           31.31
             113          -34.34           12.66
             114           -2.13           9.039
             115           43.97            15.8
             116          -53.73           25.01
             117           -32.4           8.661
             118           18.29           10.05
             119           67.22           18.64
             120          -40.13           19.19
             121           -17.5           6.371
             122           33.95           12.78
             123           72.61           21.86
             124          -39.55           14.73
             125           -21.9           11.62
             126           41.93           15.42
             127           106.7           27.75
APV                2              13               2               1
               0               0               0
               1               0               0
               2               0               0
               3               0               0
               4               0               0
               5               0               0
               6               0               0
               7           13.53           8.086
               8          -28.92            7.89
               9          -15.35           6.453
              10           13.42           7.897
              11           18.88           8.919
              12          -32.01           7.506
              13          -31.92            6.03
              14           -5.57           7.164
              15            34.2           9.891
              16          -18.04           8.465
              17          -17.11           7.108
              18          -3.773           11.14
              19           -4.49           7.238
              20          -34.24           8.219
              21           1.997           6.718
              22          -2.678           6.769
              23           37.64           7.576
              24          -19.15           7.977
              25          -13.36           6.487
              26           2.087           6.306
              27           26.22           8.639
              28          -23.87           7.181
              29         -0.3195           6.553
              30           10.61           6.582
              31            22.1           9.819
              32          -28.36           8.718
              33          -26.91           7.042
              34           12.99           7.426
              35           31.63           8.054
              36          -26.91           8.011
              37            2.56           6.362
              38          -7.249           7.273
              39           37.12           8.382
              40          -35.84           7.772
              41          -7.246           6.471
              42           14.69           7.719
              43            23.7            9.35
              44          -22.48            7.05
              45           8.745           6.857
              46           14.04           7.153
              47           38.69           10.73
              48          -14.99           8.892
              49           -4.12           7.042
              50          0.7216           8.787
              51           37.01           7.338
              52          -32.95           8.115
              53          -13.36           6.503
              54           12.71           6.424
              55           29.07           7.946
              56          -9.565           7.698
              57          -13.37           6.276
              58          -12.72           6.418
              59           29.96             9.1
              60          -38.12           6.667
              61          -13.51           6.977
              62           11.01           6.791
              63           41.94           11.59
              64          -23.67           7.915
              65          -22.48           7.083
              66           1.128           9.178
              67           11.12           7.734
              68          -30.91           8.158
              69          -19.71           6.427
              70          -12.38           7.805
              71           26.65           8.006
              72          -30.08           7.737
              73          -2.841            6.34
              74           3.424           7.205
              75           32.05           8.806
              76          -20.55            7.06
              77          -5.976           6.095
              78            6.46           7.068
              79           62.79           9.939
              80          -24.73           9.158
              81          -20.79           7.295
              82          -8.879           7.283
              83          0.9851           6.649
              84          -31.53           8.561
              85          0.8695           6.739
              86          -8.338           6.036
              87           42.37           7.413
              88          -27.33           7.644
              89          -3.191           6.548
              90          -4.158           6.061
              91           57.04           8.669
              92           -13.2           7.053
              93           1.984           7.459
              94            8.06           6.375
              95            54.5           9.933
              96          -8.075           8.386
              97           -9.79           6.766
              98         -0.7309           8.344
              99          0.9545           8.103
             100          -38.49           7.996
             101          -13.67            6.28
             102           3.204           7.179
             103           44.05           8.293
             104          -36.66           7.507
             105          -6.286           6.844
             106           6.412           7.153
             107           11.23            9.41
             108           -39.7           6.658
             109        -0.07321           6.469
             110           7.513           7.612
             111           64.32           10.65
             112          -29.47           8.789
             113          -16.81           6.912
             114        -0.08702            6.94
             115            10.1            7.01
             116          -11.55           8.225
             117        0.009869           6.359
             118          -2.469            5.99
             119              28           7.821
             120           -22.9           7.391
             121          -10.35            6.23
             122            11.6           6.244
             123           39.75           9.206
             124          -37.29           6.605
             125         -0.6451           8.538
             126           16.04           6.669
             127           74.59            11.1
APV                2              13               2               3
               0               0               0
               1               0               0
               2               0               0
               3               0               0
               4               0               0
               5               0               0
               6               0               0
               7           74.04           8.467
               8          -45.42           8.285
               9          -47.08           6.867
              10           8.957            7.36
              11           81.84           8.915
              12           -53.4           8.055
              13          -43.44           6.643
              14           27.66           7.314
              15           87.14           9.527
              16          -50.64           8.758
              17          -46.26           7.243
              18          -25.01           8.993
              19           32.52            7.38
              20          -48.32           8.295
              21          -49.12           6.976
              22          -6.469           7.019
              23            53.2           7.635
              24          -55.28           7.676
              25          -50.85           6.937
              26           5.607           6.836
              27           72.36           8.492
              28          -39.39           7.153
              29          -43.64           7.016
              30            46.7            7.09
              31           70.29           9.254
              32           -16.6           9.141
              33          -38.05           7.363
              34           -27.5           7.085
              35           26.68           7.851
              36          -49.39           8.334
              37          -50.42           6.885
              38           6.983           7.264
              39           75.98           8.563
              40          -44.57           8.103
              41          -38.51            6.86
              42           6.455           7.505
              43           88.86           9.261
              44          -55.75            7.38
              45          -30.86           7.265
              46           43.54           7.362
              47            95.1           10.15
              48          -58.87           8.531
              49          -53.26           7.095
              50          -22.34           7.962
              51           57.16           7.406
              52          -41.74           7.925
              53          -58.07           6.811
              54          -10.32           6.826
              55           72.37           7.871
              56          -45.53           7.375
              57           -33.1           6.929
              58           36.12           7.023
              59           81.25           8.687
              60          -40.81           6.865
              61          -25.86            7.26
              62           40.62           7.068
              63           85.11           10.21
              64          -45.84           8.826
              65          -41.87           7.315
              66          -22.82           7.666
              67           63.58           7.762
              68           -51.4           8.524
              69          -44.54           6.904
              70          -15.61           7.375
              71           89.97           8.436
              72          -50.06           8.168
              73          -46.16           6.845
              74           39.21           7.219
              75           64.02           8.974
              76          -53.86           7.336
              77          -34.35           6.729
              78           50.25           7.219
              79           99.76           10.03
              80          -64.06           8.752
              81          -45.73           7.247
              82          -23.78           7.359
              83           51.68           7.193
              84          -62.79            8.29
              85          -46.39           7.043
              86            22.8           6.749
              87           73.67           7.808
              88          -56.94           7.528
              89          -39.73           6.953
              90           16.56           6.778
              91           80.62           8.703
              92          -44.34            7.04
              93          -31.07           7.531
              94           40.92           6.976
              95           91.84           9.831
              96          -59.39           8.802
              97          -58.26           7.007
              98          -18.44           7.587
              99           59.28           8.287
             100          -68.73           8.249
             101          -40.53           6.802
             102           15.06           7.201
             103           81.83           8.627
             104          -44.76           8.072
             105          -42.32            7.09
             106           32.82           7.343
             107           78.16           9.299
             108          -27.51           7.248
             109          -27.44           7.109
             110           60.29           7.488
             111             111           10.43
             112          -41.52           8.646
             113           -36.5           7.021
             114          -7.994            7.19
             115           38.21           7.412
             116          -62.74           7.921
             117          -37.12           6.776
             118           16.47           6.749
             119           78.22           7.986
             120           -45.4           7.334
             121          -59.78           6.908
             122           31.21           6.865
             123           71.53            9.09
             124          -59.53           6.794
             125          -28.74            7.89
             126           60.12           7.135
             127           138.5           10.73
APV                2              13               2               5
               0               0               0
               1               0               0
               2               0               0
               3               0               0
               4               0               0
               5               0               0
               6               0               0
               7           14.66           14.99
               8          -10.77           10.66
               9          0.8638           10.12
              10          -14.52           12.65
              11           24.56           15.92
              12          -9.581           11.04
              13          -28.71           9.722
              14          -6.879           11.42
              15           27.05           17.68
              16          -9.518           9.689
              17          -4.493           9.066
              18          -17.71           25.72
              19           4.054           8.074
              20          -14.93           9.753
              21           14.96           9.659
              22          -1.553           10.84
              23           17.11           11.69
              24          -5.738           9.109
              25           -28.5           9.503
              26          -7.603           7.398
              27           16.35           14.46
              28          -1.551           8.848
              29          -2.962           12.01
              30           7.189           7.334
              31           15.62           17.51
              32           2.333           10.04
              33          -7.866           11.39
              34          -12.19            10.8
              35           6.899           13.88
              36          -8.015           10.44
              37          -5.467           11.27
              38           3.003           11.96
              39           17.54           15.01
              40           11.93           10.92
              41          -7.102           8.932
              42           17.12           12.74
              43           16.83            16.6
              44            1.91           13.72
              45          -11.49           8.661
              46          -1.724           10.77
              47           37.44           18.78
              48           6.904            9.63
              49           -7.52           8.715
              50          -6.248           18.44
              51           4.483           9.139
              52          -9.519            9.26
              53          -15.75            9.11
              54          -9.953           8.729
              55           30.98           12.85
              56           5.557           8.768
              57          -10.44           9.768
              58          -19.97           7.235
              59           22.53           15.62
              60          -24.46            8.38
              61           -32.6           13.46
              62          -2.014           7.778
              63           9.524           17.04
              64         -0.3344            11.4
              65          -12.29           11.68
              66          -7.449           15.16
              67           4.603           13.93
              68           -15.5            11.2
              69          -5.786           11.03
              70          -23.39           12.24
              71           24.07           14.04
              72          -29.71           11.26
              73          -10.53           9.663
              74          -3.453           11.42
              75           33.81           15.65
              76          -6.053           12.63
              77          -6.937           9.888
              78          -2.753           10.81
              79           40.73           17.97
              80          -24.25           9.652
              81           -1.73           9.352
              82          -13.13           16.14
              83           11.78           8.724
              84          -26.02           9.877
              85           7.502           9.761
              86           12.35           8.892
              87           31.15            11.9
              88           5.756           9.261
              89          -13.76           11.54
              90          -10.65           7.142
              91           38.29           14.89
              92          -1.158           9.118
              93          -25.28           16.94
              94           13.74           7.291
              95            41.8           18.23
              96          -18.12            10.6
              97            5.18           11.23
              98          -23.91           12.71
              99           17.02           14.87
             100          -13.98           10.82
             101           -7.15            10.9
             102          -8.167           10.98
             103           36.82            14.5
             104          -5.498           11.94
             105          -7.618           9.283
             106           -6.75            11.4
             107           24.47           16.77
             108           7.145           11.85
             109          -19.13           8.518
             110           -21.5           12.54
             111           49.07           19.33
             112          -29.73           9.332
             113           -8.03           9.168
             114          -19.58           13.35
             115           2.156            9.43
             116          -14.01            9.47
             117          -18.19           9.627
             118          -13.85           7.883
             119           19.64           12.92
             120          -0.457            9.24
             121          -6.066           11.16
             122          -10.91           7.057
             123           24.09           16.26
             124          -2.781           8.818
             125          -37.95           20.51
             126           12.07           7.952
             127           89.85            19.1
APV                2              13               2               7
               0               0               0
               1               0               0
               2               0               0
               3               0               0
               4               0               0
               5               0               0
               6               0               0
               7           17.94           12.71
               8          -59.49           22.24
               9           -31.4            10.9
              10           2.924           19.25
              11           51.46           12.33
              12          -78.67           18.41
              13          -41.67            7.47
              14          0.2688           15.01
              15           74.34           15.05
              16          -11.33           21.39
              17          -45.58           12.37
              18          -9.879           39.48
              19           29.11           15.41
              20           -36.6           19.24
              21          -29.24           8.341
              22          -24.38           17.43
              23           56.84           14.87
              24          -45.54           18.22
              25          -22.18           7.419
              26           1.511           16.37
              27           70.34           15.43
              28          -22.39           14.36
              29          -37.78            11.8
              30            24.5           15.62
              31           46.75            18.4
              32          -19.31           22.64
              33          -40.27           15.01
              34          -10.76           20.91
              35           64.28           12.35
              36          -13.49           22.21
              37          -40.55           11.14
              38           13.13           23.56
              39           48.66           12.66
              40          -36.35           19.78
              41          -20.64           8.276
              42          -12.14           17.88
              43           61.71           13.57
              44          -49.34           19.52
              45          -32.11           11.08
              46           25.58           12.74
              47           94.98           18.73
              48          -29.86           22.75
              49          -34.59           10.91
              50          -8.995           27.89
              51           34.13           14.66
              52          -46.95           19.62
              53          -38.26           7.603
              54           2.975           17.47
              55           67.27           15.74
              56          -73.81           16.55
              57          -28.74           8.365
              58           10.28           16.72
              59           48.49           16.87
              60          -23.79           12.39
              61          -24.65           16.13
              62           16.39           15.49
              63           76.66           21.86
              64          -32.78           22.08
              65          -38.95           16.83
              66           5.246           27.52
              67           31.17           13.66
              68          -40.68           22.23
              69          -33.31           12.46
              70          -19.72           21.18
              71           35.26           13.57
              72           -41.1           21.57
              73          -18.07            8.76
              74           2.483           16.91
              75           51.88           12.82
              76          -19.87           19.41
              77           -15.6           7.634
              78           24.68           13.87
              79            83.9           16.64
              80          -33.13           21.22
              81          -41.94           12.21
              82           6.816           21.52
              83           32.39           14.73
              84           -27.4           19.56
              85          -15.97           8.757
              86          -8.665           15.67
              87           37.91           14.98
              88          -23.27           17.51
              89          -25.73           9.239
              90           17.13           16.29
              91           62.91           15.61
              92          -19.19           14.15
              93          -15.43           19.52
              94            29.9           15.73
              95             112           19.44
              96          -30.41           22.61
              97          -54.21           14.88
              98          -6.145            22.8
              99            52.3           14.65
             100          -39.27           21.84
             101          -35.93           10.97
             102           -11.6           18.89
             103           49.98           13.06
             104          -14.12           20.07
             105          -36.21           10.92
             106           16.79           15.56
             107            79.2           14.37
             108           -62.4           17.29
             109          -23.92           9.034
             110           33.97           13.95
             111           110.9           19.54
             112          -45.57           21.79
             113          -32.27           10.53
             114          -12.91           18.81
             115           52.97           14.39
             116          -40.96           18.68
             117          -28.82           7.602
             118           5.496           16.32
             119           55.12           15.59
             120          -37.12           15.89
             121          -21.65           9.545
             122           8.111           16.06
             123           85.54           16.82
             124          -50.75           12.55
             125          -22.51           26.79
             126           19.67           15.25
             127             114           22.55
APV                2              13               2               9
               0               0               0
               1               0               0
               2               0               0
               3               0               0
               4               0               0
               5               0               0
               6               0               0
               7           40.09           23.22
               8          -75.31           24.96
               9          -8.844           12.18
              10           6.396           18.39
              11           56.62           28.16
              12           -64.7           20.72
              13           4.161           9.125
              14           46.34            20.8
              15           57.67           33.83
              16          -74.87           28.22
              17          -72.22           20.07
              18          -17.31           30.14
              19           28.98           12.07
              20          -59.55           25.32
              21          -32.56           14.96
              22           15.76           10.04
              23           63.93           20.42
              24          -39.99           21.98
              25          -23.24           11.29
              26           31.79           10.14
              27           54.66           27.86
              28           -76.4           18.53
              29          -10.14            11.8
              30           39.89           15.65
              31           59.38           35.92
              32          -81.38           27.57
              33          -59.79           18.13
              34           8.529           13.48
              35           27.52           20.49
              36          -84.25           25.58
              37          -16.65            14.9
              38           17.02           16.64
              39           38.94           25.11
              40          -76.01           21.15
              41          -8.039           9.866
              42           40.55           20.42
              43           59.07            31.4
              44          -43.44            21.9
              45          -4.467           8.383
              46           50.79           22.12
              47           70.06            39.9
              48          -75.57           25.26
              49          -40.77           16.73
              50          -2.973            19.2
              51           40.54           15.69
              52          -49.59           23.75
              53          -47.66           12.46
              54           11.94           8.853
              55           34.71           23.87
              56          -41.96           19.39
              57          -11.48           10.15
              58           38.55           12.73
              59           56.83           32.06
              60          -44.79           16.29
              61          -21.09           12.54
              62           58.68           19.13
              63              72           42.55
              64          -68.76           28.52
              65          -35.69           19.86
              66           15.61           18.35
              67           38.75           17.93
              68          -63.65           28.73
              69          -23.84           16.85
              70           26.33           15.76
              71           54.81           21.98
              72          -55.98           25.79
              73          -10.21           12.01
              74           20.88           16.71
              75           70.54           27.01
              76          -43.74           24.19
              77          -14.24            9.31
              78           34.91           19.18
              79           65.14            35.4
              80          -81.78            27.8
              81          -56.75           20.39
              82           3.826           17.97
              83           29.62           12.87
              84          -47.72           26.99
              85          -27.52           16.08
              86           17.49           7.967
              87           51.52           20.26
              88          -45.72           23.56
              89          -4.702           14.58
              90           20.31           9.736
              91            46.4           27.87
              92          -40.26           20.61
              93            4.99           17.77
              94           52.43            15.3
              95           68.44           35.93
              96          -74.88           29.87
              97          -36.56           18.71
              98           15.47           15.69
              99           52.87           20.79
             100          -56.04           27.15
             101          -17.01           14.98
             102           35.08            14.9
             103           54.92           23.84
             104          -60.75           24.35
             105          -7.532           9.648
             106           40.81           18.31
             107           51.96           31.36
             108          -37.45           21.01
             109          -7.935           8.295
             110           63.54           22.99
             111           84.35           40.22
             112          -77.74            26.7
             113          -33.91           17.88
             114           8.047           13.65
             115           66.57           15.42
             116          -53.38            25.5
             117          -23.59           14.01
             118           35.97           7.954
             119           51.52           23.27
             120          -44.21           21.26
             121          -15.19           12.25
             122            26.3            12.4
             123           53.34           32.31
             124          -44.88            18.5
             125          -19.68           20.51
             126           39.02           18.66
             127           62.55           44.02
APV                2              13               3               0
               0               0               0
               1               0               0
               2               0               0
               3               0               0
               4               0               0
               5               0               0
               6               0               0
               7           45.05            18.5
               8           -50.3           17.24
               9          -32.89           7.758
              10           9.236           15.85
              11           57.48           21.83
              12          -48.07           13.27
              13          -25.84           7.747
              14           15.17           14.94
              15           45.47           21.66
              16          -28.15           30.21
              17          -33.98           13.19
              18          -14.82           28.38
              19           4.627           12.01
              20          -60.41           22.02
              21          -26.62           11.37
              22           8.793            11.7
              23           36.91            15.3
              24          -63.25           15.91
              25          -36.05            9.28
              26           21.76           9.857
              27           38.22           18.84
              28          -33.32           12.81
              29          -24.34           11.63
              30           25.62           10.82
              31           65.59           20.78
              32          -52.01           27.48
              33          -35.08           13.08
              34         -0.1049           10.46
              35           41.01           18.48
              36          -59.65           19.59
              37          -30.01           10.62
              38            22.9           14.18
              39           66.16           19.58
              40          -55.39           15.05
              41           -32.2           7.889
              42           31.23           15.36
              43           65.06           22.07
              44          -33.47           13.26
              45          -4.504            8.09
              46           10.48           15.04
              47           63.49           22.49
              48          -74.01           24.87
              49          -13.77           11.86
              50          -3.002           19.96
              51           48.56           13.26
              52          -74.71           19.01
              53          -29.01           9.843
              54           24.23           10.44
              55           49.29           16.62
              56          -48.24           13.94
              57          -20.01           9.296
              58           32.17           10.52
              59           49.23           19.93
              60          -37.21           11.17
              61          -19.17            13.5
              62           28.02           11.86
              63           80.93           20.86
              64          -54.94           33.82
              65          -16.75            15.4
              66          -1.232           15.26
              67           56.39           17.44
              68          -69.73           23.54
              69          -37.08           11.76
              70           24.42            13.4
              71            50.5           17.51
              72          -68.91           17.64
              73          -18.42           8.929
              74           32.98           13.03
              75           51.91            19.9
              76          -29.32           15.06
              77          -11.14           7.469
              78           44.08           14.49
              79           86.77           22.13
              80          -37.31           32.16
              81          -47.19           14.22
              82          -19.46           16.27
              83           23.56           11.07
              84          -57.83            23.6
              85          -33.42           11.88
              86           27.49           9.064
              87           42.68           14.47
              88           -60.8           16.79
              89          -38.54           11.25
              90           17.62           8.831
              91           63.18           18.68
              92           -38.3           13.53
              93          -18.59            16.4
              94           42.49           10.37
              95           113.8           21.41
              96          -63.28           28.23
              97          -27.37           13.27
              98          -6.229           13.33
              99           39.15           17.96
             100           -51.8            20.8
             101          -24.16           10.94
             102           19.93           12.51
             103           57.32           18.44
             104          -65.72           15.74
             105          -18.36           7.722
             106           20.48           13.59
             107           53.05           21.05
             108          -34.19            13.1
             109          -26.92           7.511
             110           25.48            17.1
             111             122           23.57
             112          -46.04           26.55
             113          -24.68           12.23
             114           10.78           13.53
             115           33.58            12.6
             116          -62.15           20.11
             117          -36.77           10.53
             118           2.865           9.008
             119           63.17           15.72
             120          -50.61           14.61
             121          -9.011           10.65
             122           33.82           9.709
             123            59.1           19.94
             124          -22.89           11.82
             125          -3.138           19.94
             126           35.79           11.77
             127           91.67           22.66
APV                2              13               3               2
               0               0               0
               1               0               0
               2               0               0
               3               0               0
               4               0               0
               5               0               0
               6               0               0
               7           25.61           15.43
               8           -34.5           11.54
               9          -15.92            7.57
              10          -4.009           17.79
              11           44.95           17.15
              12          -36.35           9.903
              13          -27.38            9.03
              14           17.19           14.59
              15           44.07           15.44
              16           7.955           17.51
              17          -41.26           9.906
              18          -29.96           43.57
              19           11.12           10.76
              20          -26.38           14.59
              21          -27.91            10.9
              22          -12.48           17.24
              23           48.15            9.48
              24          -35.46           12.05
              25          -14.04           10.38
              26          -1.438           11.16
              27            59.5           11.58
              28           -7.82           9.918
              29          -24.41           16.53
              30           19.25           9.132
              31           53.78           12.77
              32          -10.67           17.14
              33          -30.57           10.61
              34          -13.83           12.81
              35           20.03           18.57
              36          -12.95           13.03
              37          -32.14           11.05
              38         0.05081           15.22
              39           41.86              16
              40           -49.4           10.78
              41          -33.08           7.808
              42           1.263           16.53
              43           73.78           16.37
              44          -27.28           12.29
              45          -20.96           7.467
              46           24.48           13.41
              47           70.55           14.93
              48           1.568           19.89
              49          -14.94           9.521
              50          -6.023           30.79
              51           38.29           9.393
              52          -46.39           13.65
              53          -31.37            9.78
              54          -25.54           13.94
              55           32.41           9.903
              56          -38.89           11.42
              57          -12.83           11.91
              58          0.8897           10.63
              59           45.21           11.64
              60          -24.18           9.197
              61          -12.08           20.39
              62           11.37           9.025
              63           74.46           12.25
              64          -44.64           16.57
              65          -32.94           10.89
              66          -14.59            21.6
              67           20.64           18.81
              68          -41.65           13.34
              69          -17.96            10.8
              70           -24.6           15.82
              71            51.8           15.69
              72          -22.25           11.35
              73           -17.4           8.471
              74           -7.81           14.18
              75           45.33            15.7
              76          -26.09           11.44
              77          -21.45           8.638
              78           5.193              14
              79           88.38            16.6
              80           -12.3           19.03
              81          -22.68           10.57
              82          -17.02           25.25
              83           33.07           8.238
              84          -25.52           15.42
              85          -33.42           11.31
              86          -13.37           12.94
              87           42.84           9.802
              88          -6.637            11.7
              89          -19.34           14.38
              90          -3.934           9.739
              91           59.35           12.26
              92          -22.57           10.16
              93          -17.59           24.25
              94           -7.04           8.542
              95           107.1           15.02
              96          -16.94           15.43
              97          -38.65           10.63
              98          -35.09           17.86
              99            44.8           18.41
             100          -34.86           12.91
             101          -26.49           11.01
             102          -11.05           13.87
             103           31.69            15.4
             104          -33.65           10.93
             105           -27.6           7.081
             106           17.63           14.13
             107           65.87           16.32
             108          -23.45           10.48
             109          -23.84           7.637
             110          -2.363           17.73
             111           89.79           17.33
             112          -34.33           18.04
             113          -18.39           9.664
             114           10.32           21.18
             115           38.77           8.783
             116          -42.68           13.69
             117          -24.12           11.21
             118          -12.18           11.87
             119           41.91           10.03
             120          -37.92           10.48
             121          -21.37           14.62
             122           -9.67           9.228
             123           54.07           13.14
             124             -13            9.31
             125          -13.06           31.51
             126            28.4           8.488
             127           110.9           15.19
APV                2              13               3               4
               0               0               0
               1               0               0
               2               0               0
               3               0               0
               4               0               0
               5               0               0
               6               0               0
               7           2.816           8.954
               8          -38.09           13.17
               9          -16.24           9.209
              10           19.18           13.23
              11           3.596           9.103
              12          -21.75           11.03
              13          -2.263           8.474
              14           19.69            9.68
              15           37.34           11.69
              16          -11.77            15.4
              17           -35.7           9.056
              18        -0.06508           32.44
              19          -6.466           12.77
              20          -50.44           12.81
              21           -30.7            8.15
              22           3.636           12.81
              23           11.36           11.06
              24          -12.24           12.18
              25          -9.115           7.911
              26           15.98           10.27
              27            14.4           11.57
              28          -25.49           9.877
              29           4.427           12.48
              30          -5.908           10.34
              31           7.807           13.77
              32          -21.77           16.79
              33          -12.97           8.417
              34           2.257           12.33
              35           3.585           10.22
              36          -28.51           13.33
              37            8.58           7.869
              38           19.87            12.8
              39           11.78           9.192
              40          -56.62           11.59
              41          -1.216           8.453
              42            18.7           12.72
              43           33.34            10.2
              44          -29.38           9.093
              45           6.188           8.208
              46           17.39           8.716
              47           33.01           13.65
              48          -13.92           18.22
              49             -30           8.569
              50           18.21           22.84
              51          -3.892           10.62
              52          -31.46           13.75
              53          -9.992           7.626
              54           15.75           13.06
              55           7.517           11.97
              56           -31.9            12.6
              57          -8.895           8.545
              58           31.04           11.37
              59            26.6           12.77
              60          -11.63           9.964
              61          -3.889           14.36
              62            5.47            10.5
              63           23.46           16.27
              64          -17.07           12.91
              65          -27.05           8.935
              66         -0.7814           22.09
              67           7.406           11.57
              68          -28.98           13.01
              69           4.204           7.909
              70           19.89           16.16
              71           6.555           8.925
              72          -23.76            11.3
              73          -2.544           7.958
              74           9.967           10.93
              75           26.66           9.602
              76          -2.984           8.581
              77          -10.09           7.957
              78           9.659           9.166
              79           37.04           12.11
              80          -25.52           16.62
              81          -33.05           9.819
              82          -10.68            17.6
              83           13.46           9.908
              84             -23           13.46
              85          -10.94           8.089
              86           15.88           9.625
              87           31.06           9.857
              88          -21.82           10.98
              89           4.623           10.12
              90           12.96           9.448
              91           11.09           11.31
              92           -15.5           9.152
              93           3.762           17.73
              94          -1.573           10.29
              95           50.93           13.47
              96          -43.19           13.92
              97          -32.63           7.928
              98            5.67           16.59
              99           20.67           10.27
             100          -23.62           12.64
             101          0.9612           8.044
             102           16.42           12.77
             103              53           9.125
             104          -13.12           10.14
             105         -0.6303           9.113
             106            18.7           11.11
             107           30.99            10.6
             108         -0.1563           8.181
             109           19.58           7.983
             110            8.14           11.62
             111           59.91           13.28
             112          -46.21           16.75
             113          -13.81           8.319
             114           25.58           16.61
             115           1.349           9.897
             116          -13.23           12.48
             117          -10.15           7.557
             118           14.55            11.2
             119           24.94           11.27
             120          -43.04           10.83
             121          -8.059           9.414
             122           3.266           9.667
             123           14.02           12.24
             124          -23.71            9.17
             125           21.01           21.52
             126          -4.435           9.384
             127           66.61           15.17
APV                2              13               3               6
               0               0               0
               1               0               0
               2               0               0
               3               0               0
               4               0               0
               5               0               0
               6               0               0
               7           41.34           13.84
               8          -40.46           13.06
               9          -23.64             7.8
              10            11.5           11.06
              11           46.83           15.84
              12           -36.5           13.72
              13          -2.275           7.112
              14           23.65           12.52
              15           47.73           15.34
              16          -31.37           12.64
              17          -49.03           11.83
              18          -6.307           12.79
              19           30.99           11.88
              20          -55.67           13.12
              21          -27.45           10.72
              22           -16.8           7.881
              23            32.2           12.79
              24          -42.49           11.05
              25          -21.68           7.623
              26          -1.811           7.132
              27           66.76           14.85
              28          -41.38           10.32
              29          -8.461           7.203
              30           40.96           11.14
              31           77.09           15.12
              32           -21.1           13.44
              33          -47.93           10.64
              34          -2.547           8.004
              35           37.17           15.16
              36          -56.96           15.18
              37          -43.93            11.7
              38           8.028           8.169
              39           57.77           15.44
              40          -27.14           13.55
              41          -23.41           9.548
              42           24.81           9.354
              43           40.43           15.49
              44          -32.11            11.2
              45          -13.46           7.525
              46           43.23           10.84
              47           52.57           15.32
              48          -54.83           11.92
              49          -28.05           8.691
              50          -10.38           8.592
              51           30.63            11.4
              52          -23.42           14.58
              53          -14.43           8.638
              54           25.27           7.466
              55           38.39           14.48
              56          -50.48           12.39
              57          -37.98           9.147
              58           31.71           8.449
              59           78.53           14.68
              60          -48.15           10.77
              61          -4.135           9.093
              62           18.63           9.201
              63           72.98           14.72
              64          -40.12           13.77
              65          -33.12           14.59
              66          -1.358           8.826
              67           31.93           11.97
              68          -56.77           13.96
              69          -49.61           9.354
              70           29.88           7.888
              71           33.08           12.99
              72          -44.26           14.56
              73          -21.98            8.33
              74           23.49            10.2
              75           61.06           16.07
              76          -40.27           14.62
              77          -2.754           8.555
              78           9.835           11.36
              79           75.72           15.77
              80          -52.06           13.14
              81           -19.2           13.07
              82           5.813           11.22
              83           11.32           11.78
              84          -63.13           13.41
              85          -11.81           9.754
              86           16.46           7.364
              87           36.65           12.21
              88          -39.94           11.39
              89          -22.72           7.854
              90           17.94           7.757
              91            66.7           15.35
              92          -32.66           11.04
              93          -11.63            8.39
              94           34.41           10.68
              95           89.34           15.44
              96          -44.81           13.34
              97          -47.09           12.14
              98         -0.6859           8.608
              99           34.95           15.45
             100          -66.15           14.78
             101          -28.79           11.66
             102           6.691           7.705
             103           51.36           15.22
             104           -55.8           12.15
             105          -20.45           8.312
             106           23.88           8.841
             107           63.69           15.84
             108          -35.75           11.19
             109            2.42           7.337
             110           8.254           11.65
             111            98.1           15.99
             112          -64.97           12.76
             113          -39.99           9.162
             114          -10.03           7.192
             115            34.2           12.57
             116          -56.06           14.85
             117          -52.87            10.3
             118           4.851           6.804
             119           42.78           14.49
             120          -52.57           12.54
             121          -7.615           10.09
             122           24.77           7.339
             123           65.63           14.91
             124          -39.95           9.676
             125          -10.59           10.76
             126           28.26           8.975
             127           110.8            15.2
APV                2              13               3               8
               0               0               0
               1               0               0
               2               0               0
               3               0               0
               4               0               0
               5               0               0
               6               0               0
               7           11.93           9.577
               8          -33.76           14.68
               9          -17.13           7.147
              10          -9.677           7.324
              11            14.6           10.57
              12           -26.4           11.09
              13          -19.06           6.123
              14            1.06           7.242
              15           41.15           12.46
              16           4.206           20.58
              17          -28.76           8.771
              18           10.51            14.4
              19           25.42           10.64
              20           -15.3           15.99
              21          -41.73           6.619
              22          -7.867           8.992
              23           34.93           10.98
              24          -9.061           13.31
              25          -15.21           6.093
              26          -8.896           8.458
              27           23.99           12.12
              28          -40.77           10.06
              29          -10.49           7.201
              30           5.026           9.322
              31           41.98           13.53
              32          -12.69           20.72
              33          -25.08           8.569
              34          -4.674           7.214
              35           4.857           8.345
              36          -21.34           15.81
              37          -27.38           6.399
              38           14.64           6.982
              39           20.78           10.16
              40          -16.53           12.26
              41           7.191           6.498
              42           4.131           7.352
              43            31.9           11.69
              44           -32.5           8.201
              45          -7.408           6.793
              46           27.79             7.7
              47           30.86           13.88
              48          -4.195           20.46
              49           -20.7            8.17
              50          -11.45           11.25
              51           2.837           10.43
              52          -29.41           15.35
              53          -15.75           6.262
              54          0.6879           8.514
              55           28.12           11.56
              56          -33.81           11.58
              57          -2.492           6.174
              58          -24.14           8.934
              59           28.94           12.76
              60          -33.96           8.684
              61          -10.72           8.632
              62           27.69           9.635
              63           57.25           14.86
              64          -33.34           20.04
              65           8.701           9.638
              66           9.914            9.73
              67          0.0126           7.526
              68            3.38           17.16
              69          -27.09           7.007
              70           -8.96           7.259
              71           37.74           9.306
              72          -11.32           14.07
              73          -12.01           6.399
              74          -3.503           6.822
              75           34.75           11.02
              76          -21.29           9.707
              77          -24.18           6.152
              78          -13.74           7.089
              79           60.13           12.78
              80          -24.94           21.87
              81          -18.73            9.48
              82          -2.509           8.717
              83           24.54           9.355
              84          -10.92           17.27
              85          -29.45           6.887
              86           1.969           7.391
              87           32.14           10.67
              88          -4.602           13.05
              89          -21.38           6.206
              90          -10.79           7.953
              91           62.57           12.06
              92          -8.145           10.11
              93          -21.48            8.54
              94           39.16           8.796
              95           47.33           13.56
              96           -10.3           19.83
              97          -8.938           8.286
              98          -10.51           8.574
              99           32.94           8.567
             100           -46.5            15.5
             101          -9.713           6.662
             102           1.961           6.964
             103           28.36           10.18
             104          -33.41           11.76
             105          -8.598           6.981
             106           13.19           7.169
             107           28.91           11.88
             108          -7.355           8.822
             109          -1.897           6.648
             110           10.64           7.384
             111           80.93            13.9
             112          -21.99           20.23
             113          -29.28           8.092
             114          -25.36           8.542
             115           26.54           10.17
             116          -18.44           14.94
             117          -22.21           6.112
             118           6.504           7.634
             119           21.57           11.36
             120           -15.8           11.34
             121          -6.704           6.343
             122           1.607            8.37
             123           40.32           12.58
             124           -1.45           8.942
             125          -19.01           10.95
             126           1.635            9.22
             127            64.4           15.11
APV                2              13               3               1
               0               0               0
               1               0               0
               2               0               0
               3               0               0
               4               0               0
               5               0               0
               6               0               0
               7           48.58           11.75
               8          -70.05           9.156
               9          -23.37           6.929
              10           26.22           10.63
              11           59.03           11.96
              12          -51.82           8.943
              13          -39.16           6.645
              14            42.1           9.793
              15           55.45           12.04
              16          -21.28           10.69
              17          -67.61           8.087
              18          -8.156           16.26
              19           27.72           7.793
              20          -69.25           10.69
              21          -45.44           8.018
              22            10.9           8.465
              23           43.99           8.949
              24          -59.25           9.251
              25          -37.47           7.383
              26          -3.592           7.164
              27           59.34           10.31
              28          -26.15            8.39
              29          -24.44           7.922
              30            32.3           7.344
              31           69.99           11.62
              32          -71.58            10.8
              33          -46.46           8.201
              34          -9.904            8.92
              35           25.95           10.52
              36          -71.79           9.991
              37          -32.88           7.623
              38           21.39           9.321
              39           54.65           10.67
              40          -71.15           9.454
              41           -27.6           7.073
              42           42.86           10.46
              43           65.11           12.28
              44          -49.43           8.804
              45          -7.684           7.521
              46           59.07           9.527
              47            77.5           13.08
              48          -64.82           10.42
              49          -42.68           7.862
              50            8.93           12.28
              51           28.79           7.801
              52          -69.67           9.977
              53          -27.44           7.543
              54           31.19           7.579
              55           59.74           8.867
              56          -44.81            8.72
              57          -15.63             7.3
              58           35.09           7.402
              59           39.48           10.83
              60          -52.21           7.775
              61          -19.34           8.822
              62           49.98           7.517
              63           90.64            14.6
              64          -70.26           10.62
              65          -54.88           8.504
              66           22.03           11.85
              67           34.37           10.49
              68          -77.02            10.5
              69           -29.6           7.557
              70           27.06           10.02
              71           51.86           10.15
              72          -52.91           9.595
              73          -37.41           7.033
              74           36.69            9.26
              75           52.13           11.27
              76          -32.89           8.958
              77          -15.76           6.834
              78           45.52           9.229
              79           70.63           12.49
              80          -80.88           10.84
              81          -57.24           8.316
              82           16.93           10.11
              83           35.46           7.465
              84          -67.67           10.75
              85          -9.222           7.933
              86           16.94            7.21
              87           59.96           8.272
              88          -43.38            9.26
              89          -9.522           7.955
              90           18.77           6.893
              91           29.71           10.39
              92          -51.05           8.341
              93          -6.853           9.819
              94           40.09           7.147
              95           66.73           12.09
              96          -50.65           10.59
              97          -61.29           7.915
              98           21.48           10.94
              99           53.47           10.98
             100          -80.11           9.984
             101          -49.48            7.36
             102           22.24           9.123
             103           77.02           10.22
             104          -63.12           9.427
             105          -23.07           7.346
             106            35.5           9.301
             107           55.17           12.06
             108          -48.84           8.243
             109          -6.923           7.162
             110           62.58           10.62
             111           82.33           13.41
             112          -67.61           10.43
             113          -19.71           7.905
             114           6.876           8.951
             115            61.4           7.916
             116          -66.41           10.03
             117          -42.19           7.409
             118           41.87           6.949
             119           53.58           8.656
             120          -48.37           8.737
             121           -26.8           7.614
             122            41.5           7.071
             123           78.18           11.37
             124          -26.44           7.776
             125          -6.282           11.82
             126           56.92           7.628
             127           115.4           14.15
APV                2              13               3               3
               0               0               0
               1               0               0
               2               0               0
               3               0               0
               4               0               0
               5               0               0
               6               0               0
               7            37.6           9.849
               8          -42.88           9.329
               9          -2.254           7.325
              10           25.57           8.211
              11           27.42           10.08
              12          -49.96           9.332
              13          -10.78           7.347
              14            8.91           7.919
              15            9.11           11.31
              16          -36.01            9.83
              17          -16.64           8.507
              18           4.809           11.77
              19           13.47           8.254
              20          -78.24           8.931
              21        -0.09929           7.403
              22           3.565           7.312
              23            22.9           8.531
              24          -44.95           8.615
              25           12.15           7.258
              26           3.159           7.311
              27           32.03           9.596
              28          -32.09           7.904
              29          -9.095           7.773
              30           15.78           8.098
              31           43.85           11.24
              32          -72.14           10.06
              33          -15.28           8.174
              34           1.233           7.486
              35           22.84           8.892
              36          -83.94           9.183
              37          -10.08           7.733
              38           19.54           9.061
              39            15.2            9.74
              40          -61.55           8.882
              41          -5.463           7.473
              42           14.63           9.437
              43           34.04           10.67
              44          -41.34           7.928
              45           17.91           8.011
              46           16.29           10.06
              47           48.88           11.84
              48          -61.21           10.32
              49          -7.979           7.639
              50           4.583           10.92
              51           13.91           8.302
              52          -62.87           8.811
              53          -7.568           7.511
              54           1.438           7.569
              55           33.14           9.689
              56          -28.97            8.48
              57           2.123            7.26
              58           21.63           7.291
              59            12.9           10.21
              60          -20.53           7.594
              61           20.78           7.596
              62           3.453           7.442
              63           50.32           20.17
              64          -61.86           9.724
              65          -23.37           8.162
              66            16.4           10.72
              67           41.04           10.63
              68          -55.47            9.57
              69          -6.976           7.084
              70           23.89            8.39
              71           38.77           9.639
              72           -38.3           9.058
              73           8.742           7.146
              74           10.72           7.774
              75           15.74           10.42
              76          -34.53           8.172
              77             5.2           8.553
              78           17.11           7.882
              79           58.39           20.13
              80           -67.1           9.956
              81          -17.49           8.326
              82           7.437           8.141
              83           12.83           8.068
              84          -65.86           9.363
              85          -5.995             7.2
              86           7.898           6.857
              87           31.82           8.778
              88          -31.42           8.242
              89           8.537            7.43
              90           20.36           7.494
              91           44.06           9.916
              92          -30.49           7.947
              93           10.43           8.622
              94           18.55           7.861
              95           49.94           20.86
              96          -66.45           9.599
              97          -5.762           7.928
              98          -10.92           8.931
              99           30.32           9.949
             100          -35.16           9.286
             101           12.07           7.479
             102           4.407           9.205
             103           29.93           9.794
             104          -42.41           8.529
             105            24.7           8.194
             106           7.247           8.491
             107           32.69            10.6
             108          -18.02           7.693
             109           4.729           7.591
             110           15.75           8.478
             111           99.91           21.03
             112          -49.37           9.837
             113           4.621           7.627
             114           19.58            8.99
             115           15.72           8.675
             116          -47.37           8.682
             117           6.733           7.468
             118         -0.4906            6.89
             119           22.53           9.626
             120          -46.47           8.053
             121            4.48           7.184
             122           14.81           7.095
             123           35.73           19.54
             124          -23.61           7.467
             125           18.11           10.25
             126           24.23           7.515
             127           95.44            20.2
APV                2              13               3               5
               0               0               0
               1               0               0
               2               0               0
               3               0               0
               4               0               0
               5               0               0
               6               0               0
               7           16.17           13.81
               8          -23.78           10.24
               9           -4.62           9.049
              10           5.287           14.93
              11           11.67           15.19
              12          -31.87           10.97
              13          -8.983           9.517
              14          -7.509            12.4
              15           51.23           14.98
              16          -31.45            10.7
              17          -28.51           9.509
              18          -9.604           28.41
              19           16.22           7.916
              20          -40.74           10.32
              21          -21.43            9.49
              22          -8.806           11.59
              23           30.63           8.922
              24          -28.26           9.284
              25          -28.14           9.123
              26           3.418           7.978
              27           24.09           12.12
              28          -37.49           8.986
              29           -22.6            11.5
              30           2.662           7.789
              31           56.34           13.35
              32          -22.66           10.87
              33          -29.15           11.62
              34           8.902           11.87
              35           23.45           15.66
              36          -23.15           10.14
              37          -27.24           10.99
              38          -10.26           12.79
              39           36.14           13.98
              40           -27.1           10.24
              41          -4.603           8.525
              42           15.95           13.73
              43           26.76           15.44
              44          -21.04           12.45
              45          -6.915           8.294
              46           27.54           12.15
              47           47.52           14.95
              48          -29.12           10.52
              49          -14.57           8.946
              50          -2.459           19.05
              51           16.03           8.613
              52          -33.64           9.678
              53          -9.407           9.969
              54          -7.822           9.873
              55           45.67           10.71
              56          -28.59           8.977
              57           -10.2           10.42
              58           21.73           8.153
              59            30.3           12.51
              60          -27.69           8.432
              61          -9.749           12.98
              62           15.06           7.495
              63           49.01            12.3
              64          -20.56           12.06
              65          -24.16           11.11
              66           8.303           17.17
              67            29.1           14.87
              68          -9.988           11.11
              69          -9.058           9.774
              70           15.85           14.39
              71           20.34            13.5
              72          -22.62           10.97
              73          -6.436           9.685
              74           21.26           12.76
              75           42.01           15.27
              76          -19.42           12.36
              77           -2.96           9.143
              78           28.68           11.69
              79            49.1           15.74
              80          -58.51           10.76
              81          -18.34            9.66
              82           1.906           17.56
              83           19.47           7.886
              84          -19.11           10.62
              85          -23.11           9.403
              86           13.61           9.093
              87           31.64           9.387
              88          -36.43           9.424
              89           -10.5           11.04
              90           9.299           7.593
              91           49.07           13.04
              92          -29.49             9.6
              93          -14.32            17.1
              94           1.111           7.544
              95           56.14           14.68
              96          -24.46           11.06
              97          -11.87           11.39
              98          -10.88           14.48
              99           22.38           15.14
             100          -13.19           10.44
             101          -11.48           10.17
             102           15.69           12.31
             103           24.27           13.16
             104          -31.94            11.4
             105          -15.54           7.963
             106          -20.38           12.06
             107           44.47           15.65
             108          -23.92           11.29
             109          -35.65           8.017
             110           30.89           15.31
             111           74.28           16.36
             112          -13.57           10.32
             113          -11.64           9.543
             114          0.8613           13.34
             115           13.91           8.849
             116          -26.98           10.05
             117          -29.63           10.38
             118           7.633           8.977
             119           31.68           10.81
             120          -26.04           9.053
             121          -18.84           11.36
             122           14.04           7.718
             123           13.83           13.21
             124          -24.11           8.629
             125          -11.85           19.48
             126           3.545           7.762
             127           90.29           15.25
APV                2              13               3               7
               0               0               0
               1               0               0
               2               0               0
               3               0               0
               4               0               0
               5               0               0
               6               0               0
               7           57.18           13.56
               8          -78.05           12.23
               9          -38.51           10.27
              10           27.71           24.89
              11           86.18           11.89
              12          -75.28           10.89
              13          -7.964           8.675
              14           34.69           18.55
              15           97.97            11.3
              16           -82.1           12.78
              17          -55.68           8.797
              18          -5.013           49.02
              19            53.5           11.47
              20          -87.58           10.93
              21          -34.31           8.981
              22           4.766            16.1
              23           77.26           10.61
              24             -88           10.58
              25          -32.11           9.029
              26           26.15           10.91
              27           89.01           10.92
              28          -62.04           8.836
              29          -32.32           15.54
              30           35.34           10.02
              31           102.7           13.29
              32           -81.7           12.97
              33          -53.74           12.12
              34           1.929           21.02
              35           57.15           16.98
              36          -76.18           11.65
              37          -32.54           11.25
              38           10.83           23.21
              39           74.63           12.57
              40          -70.49           11.09
              41           -26.9           8.209
              42           45.23           22.25
              43           74.84           11.08
              44          -59.59           15.57
              45          -13.38            9.52
              46           26.18           14.57
              47           95.04           13.35
              48          -73.96           16.23
              49          -45.67           8.353
              50          -1.831           31.77
              51           55.59           10.71
              52          -72.39           11.64
              53          -43.37           8.075
              54           16.86           13.11
              55           102.6           11.18
              56          -72.84           10.43
              57          -39.68           10.23
              58           2.321            10.7
              59           70.43           12.16
              60          -53.95           8.333
              61          -32.94           19.24
              62           38.64           9.972
              63           73.83           16.12
              64          -77.11           11.62
              65          -44.98           12.64
              66           5.966           32.49
              67            69.8              21
              68          -68.56           10.98
              69          -36.74            11.4
              70           26.04           25.48
              71           88.03            14.7
              72          -69.45           11.57
              73          -41.83           8.562
              74           51.28            21.3
              75           78.12           11.33
              76          -61.02           14.02
              77          -33.66           8.433
              78           51.49           17.95
              79           98.86           12.15
              80          -79.57           13.05
              81          -44.57           9.191
              82           -5.69           25.41
              83           61.72           10.08
              84          -70.83           10.42
              85          -55.08           9.247
              86            20.5           11.75
              87           73.87           10.16
              88          -61.39           9.818
              89          -27.91           13.68
              90           9.876           10.38
              91           64.76           10.76
              92          -59.81           9.013
              93          -39.58           24.79
              94           42.59           9.644
              95           91.16           13.15
              96          -59.77           11.65
              97          -40.25           12.32
              98          -3.049           27.09
              99           83.81           20.02
             100          -85.29           10.82
             101          -39.53           11.09
             102           19.05           21.99
             103           112.7            12.9
             104          -58.42           12.37
             105          -34.24           9.768
             106           39.44           19.61
             107           77.99           11.24
             108          -55.86           13.27
             109           -14.4           9.048
             110            55.8           20.61
             111           92.93            13.3
             112          -78.76           13.59
             113           -49.4           8.799
             114          -3.656           19.26
             115           63.14           9.722
             116          -55.59              10
             117           -43.1           9.188
             118           14.63           10.71
             119           87.72           10.44
             120          -78.12           9.396
             121          -48.37           13.51
             122           22.13           10.26
             123           102.5           11.47
             124          -54.03           8.705
             125          -34.44           32.45
             126           56.01           9.575
             127           144.3           15.28
APV                2              13               3               9
               0               0               0
               1               0               0
               2               0               0
               3               0               0
               4               0               0
               5               0               0
               6               0               0
               7           9.821           14.63
               8          -61.81           21.71
               9          -16.03           10.78
              10           9.182           11.01
              11           47.46           19.98
              12          -43.44           16.87
              13          -7.032           7.934
              14           21.27           9.985
              15            66.4            28.4
              16          -44.98           26.28
              17          -41.69           14.05
              18          -12.06           25.51
              19           26.06            14.2
              20          -46.44           23.21
              21          -45.26           10.89
              22          -16.51           11.93
              23           34.79           17.41
              24          -34.37           20.74
              25          -27.98           8.711
              26           22.04           10.67
              27           55.42           23.41
              28          -38.83           15.78
              29          -17.52           10.41
              30          -2.183           12.27
              31           69.59           32.78
              32          -32.92           25.88
              33          -34.25           12.89
              34           0.969           10.77
              35           37.26            12.5
              36          -43.17           22.58
              37          -29.12           10.03
              38             9.2           10.47
              39           49.21           16.85
              40          -35.03           18.02
              41          -19.83           8.903
              42           19.07           10.59
              43           45.06            24.3
              44          -42.61              13
              45          -25.52           8.699
              46           6.687            10.5
              47           76.88           36.65
              48          -24.28            27.1
              49          -54.92           12.69
              50         -0.4418            18.7
              51           25.78            15.4
              52          -40.81           22.58
              53          -9.897           10.16
              54           13.33           11.15
              55           33.66           20.18
              56          -56.04           18.23
              57          -35.21            8.25
              58           24.91           11.54
              59           82.25           27.76
              60          -31.41           13.74
              61          -18.65           13.18
              62           15.89           13.92
              63           81.78           44.54
              64          -30.42           23.81
              65          -36.78           14.16
              66          -11.85           17.85
              67           34.21           11.45
              68          -53.49           23.68
              69          -8.342           11.84
              70           5.089           12.55
              71           36.71           14.23
              72          -34.95           20.61
              73           -21.8           10.11
              74           20.45           10.41
              75           40.59           19.49
              76          -47.49           15.25
              77          -13.34           8.823
              78           22.87           9.456
              79           73.26           28.25
              80          -26.32           27.19
              81          -36.98           14.51
              82          -15.73           14.46
              83           34.19           12.23
              84          -25.58           24.18
              85          -34.61           11.42
              86           7.997            9.29
              87           43.78           16.31
              88          -30.54           20.01
              89          -30.94           9.368
              90           26.25            9.22
              91           81.41           22.65
              92           -45.4           15.21
              93          -15.16           14.79
              94           17.52           11.15
              95           95.91            31.9
              96          -26.75           25.57
              97          -18.31           13.07
              98         -0.0198           14.89
              99            29.5           12.55
             100          -39.77           22.78
             101          -21.44           10.56
             102           20.08           10.57
             103            41.7           16.25
             104          -40.33           18.19
             105           -6.78           11.18
             106           10.07           9.736
             107           62.31           23.43
             108           -32.6           13.53
             109          -16.35           8.794
             110           11.36           10.99
             111           102.2           35.13
             112          -29.62           26.29
             113          -31.86           12.77
             114           4.473           12.54
             115              17           14.17
             116          -35.47           22.37
             117          -33.68           9.936
             118           13.25           9.408
             119           42.63           18.99
             120          -36.92           17.74
             121          -19.24           9.176
             122           12.51           10.21
             123           83.89            26.7
             124          -52.52           13.67
             125          -18.48           19.61
             126           16.22            12.7
             127           78.67              43
